Id,Nome_prices,Squadra_prices,R_prices,Qt.A,Qt.I,Diff.,FVM,Pv,Mv,Fm,Gf,Gs,Rp,Rc,Ass,Amm,Esp,sofa_goals,sofa_assists,sofa_appearances,sofa_minutes_played,sofa_rating,sofa_expected_goals,sofa_expected_assists,sofa_shots_on_target,sofa_total_shots,sofa_successful_dribbles,sofa_accurate_crosses,sofa_pass_accuracy,sofa_tackles,sofa_interceptions,sofa_yellow_cards,sofa_red_cards,sofa_match_score,sofa_match_type
2428,Sommer,Inter,P,16,16,0,90,33.0,6.18,5.3,0.0,32.0,1.0,0.0,0.0,0.0,0.0,0.0,0.0,33.0,2970.0,7.09,0.0,0.02159105,0.0,0.0,0.0,0.0,86.71152228763667,0.0,0.0,0.0,0.0,0.8469999999999999,fuzzy_match
5876,Di Gregorio,Juventus,P,16,16,0,84,33.0,6.15,5.18,0.0,32.0,0.0,0.0,0.0,0.0,0.0,0.0,0.0,33.0,2970.0,7.01,0.0,0.04689138,0.0,0.0,0.0,0.0,73.61751152073732,0.0,1.0,0.0,0.0,0.861,fuzzy_match
4312,Maignan,Milan,P,16,16,0,77,37.0,6.18,5.14,0.0,41.0,1.0,0.0,0.0,1.0,0.0,0.0,0.0,37.0,3295.0,7.08,0.0,0.20525295,0.0,0.0,1.0,0.0,84.71615720524017,0.0,0.0,2.0,0.0,0.868,fuzzy_match
572,Meret,Napoli,P,16,16,0,93,34.0,6.32,5.71,0.0,25.0,2.0,0.0,0.0,0.0,0.0,0.0,0.0,34.0,3006.0,6.97,0.0,0.02170763,0.0,0.0,0.0,0.0,84.52488687782805,0.0,0.0,0.0,0.0,0.819,fuzzy_match
5841,Svilar,Roma,P,15,15,0,83,38.0,6.32,5.38,0.0,35.0,0.0,0.0,0.0,1.0,0.0,0.0,0.0,38.0,3420.0,7.19,0.0451,0.03437686,0.0,1.0,0.0,0.0,76.16459627329193,0.0,0.0,1.0,0.0,0.8469999999999999,fuzzy_match
4431,Carnesecchi,Atalanta,P,14,14,0,71,34.0,6.34,5.32,0.0,34.0,0.0,0.0,0.0,1.0,0.0,0.0,0.0,34.0,3060.0,7.19,0.0,0.02313439,0.0,0.0,0.0,0.0,70.3991130820399,0.0,0.0,1.0,0.0,0.9029999999999999,fuzzy_match
2521,De Gea,Fiorentina,P,14,14,0,58,35.0,6.34,5.41,0.0,38.0,2.0,0.0,0.0,1.0,0.0,0.0,1.0,35.0,3150.0,7.16,0.0,0.04821159,0.0,0.0,0.0,0.0,70.44088176352705,1.0,0.0,1.0,0.0,0.819,fuzzy_match
2814,Provedel,Lazio,P,12,12,0,50,29.0,5.98,4.53,0.0,42.0,0.0,0.0,0.0,0.0,0.0,0.0,0.0,29.0,2610.0,6.87,0.0,0.08186599,0.0,0.0,0.0,0.0,75.46614327772326,0.0,1.0,0.0,0.0,0.8819999999999999,fuzzy_match
133,Skorupski,Bologna,P,10,10,0,46,27.0,6.17,5.04,0.0,33.0,1.0,0.0,0.0,1.0,0.0,0.0,0.0,27.0,2365.0,6.82,0.0,0.04231342,0.0,0.0,1.0,0.0,76.29179331306992,1.0,0.0,1.0,0.0,0.854,fuzzy_match
6966,Butez,Como,P,10,10,0,35,18.0,6.22,5.22,0.0,18.0,0.0,0.0,0.0,0.0,0.0,0.0,0.0,19.0,1665.0,7.06,0.0,0.04129948,0.0,0.0,0.0,0.0,75.15151515151514,0.0,0.0,0.0,0.0,0.819,fuzzy_match
7179,Israel,Torino,P,9,9,0,30,,,,,,,,,,,,,,,,,,,,,,,,,,,,
188,Leali,Genoa,P,8,8,0,29,29.0,6.16,5.1,0.0,31.0,1.0,0.0,0.0,1.0,0.0,0.0,0.0,29.0,2610.0,7.14,0.0,0.03757217,0.0,0.0,0.0,0.0,67.83980582524272,0.0,0.0,1.0,0.0,0.763,fuzzy_match
4360,Caprile,Cagliari,P,7,7,0,18,22.0,6.2,5.16,0.0,23.0,0.0,0.0,0.0,0.0,0.0,0.0,0.0,18.0,1620.0,7.17,0.0,0.02872791,0.0,0.0,0.0,0.0,63.725490196078425,1.0,0.0,0.0,0.0,0.868,fuzzy_match
6641,Suzuki,Parma,P,7,7,0,14,37.0,6.22,4.76,0.0,53.0,0.0,0.0,0.0,0.0,1.0,0.0,0.0,37.0,3315.0,7.03,0.0,0.10983606,0.0,0.0,0.0,0.0,63.23417238749046,1.0,0.0,1.0,1.0,0.8469999999999999,fuzzy_match
4867,Turati,Sassuolo,P,7,7,0,11,30.0,6.3,4.75,0.0,52.0,2.0,0.0,0.0,1.0,0.0,,,,,,,,,,,,,,,,,,
2134,Falcone,Lecce,P,6,6,0,17,38.0,6.26,4.79,0.0,58.0,1.0,0.0,0.0,2.0,0.0,0.0,0.0,38.0,3420.0,7.08,0.0,0.06676162,0.0,0.0,0.0,0.0,57.11627906976744,0.0,0.0,2.0,0.0,0.7559999999999999,fuzzy_match
6462,Okoye,Udinese,P,6,6,0,16,25.0,6.1,4.4,0.0,40.0,0.0,0.0,0.0,1.0,0.0,0.0,0.0,25.0,2250.0,6.96,0.0,0.05665972,0.0,0.0,0.0,0.0,75.59748427672956,0.0,0.0,1.0,0.0,0.763,fuzzy_match
761,Audero,Cremonese,P,5,5,0,14,8.0,6.0,3.75,0.0,18.0,0.0,0.0,0.0,0.0,0.0,0.0,0.0,8.0,720.0,6.5,0.0,0.00679649,0.0,0.0,0.0,0.0,80.26905829596413,0.0,0.0,0.0,0.0,0.712,fuzzy_match
4957,Montipò,Verona,P,5,5,0,10,36.0,6.19,4.44,0.0,64.0,1.0,0.0,0.0,0.0,0.0,0.0,0.0,36.0,3240.0,6.78,0.0,0.10443492,0.0,0.0,0.0,0.0,44.36401240951396,1.0,0.0,0.0,0.0,0.7054999999999999,fuzzy_match
2170,Milinkovic-Savic V.,Napoli,P,4,4,0,10,37.0,6.3,5.45,0.0,42.0,4.0,0.0,0.0,3.0,0.0,0.0,0.0,37.0,3330.0,7.31,0.0,0.26002947,0.0,0.0,0.0,0.0,64.17597765363129,1.0,0.0,3.0,0.0,0.6585,fuzzy_match
6842,Sava,Udinese,P,4,4,0,8,12.0,6.04,4.67,0.0,16.0,0.0,0.0,0.0,1.0,0.0,0.0,0.0,12.0,1080.0,7.02,0.0,0.01746169,0.0,0.0,0.0,0.0,68.85245901639344,0.0,0.0,1.0,0.0,0.721,fuzzy_match
2722,Ravaglia F.,Bologna,P,3,3,0,6,12.0,6.0,4.83,0.0,14.0,0.0,0.0,0.0,0.0,0.0,0.0,0.0,12.0,1055.0,6.72,0.0,0.02216774,0.0,0.0,2.0,0.0,76.16822429906543,0.0,0.0,0.0,0.0,0.749,fuzzy_match
6482,Mandas,Lazio,P,3,3,0,8,9.0,6.28,5.5,0.0,7.0,0.0,0.0,0.0,0.0,0.0,0.0,0.0,9.0,810.0,7.22,0.0,0.03705319,0.0,0.0,0.0,0.0,69.36026936026936,0.0,0.0,0.0,0.0,0.749,fuzzy_match
574,Scuffet,Pisa,P,3,3,0,5,14.0,5.89,4.18,0.0,24.0,0.0,0.0,0.0,0.0,0.0,0.0,0.0,1.0,90.0,7.3,0.0,0.00039013,0.0,0.0,0.0,0.0,76.92307692307693,0.0,0.0,0.0,0.0,0.6689999999999999,fuzzy_match
2861,Semper,Pisa,P,3,3,0,11,,,,,,,,,,,0.0,0.0,1.0,90.0,8.2,0.0,0.00508658,0.0,0.0,0.0,0.0,65.85365853658537,0.0,0.0,0.0,0.0,0.721,fuzzy_match
4236,Muric,Sassuolo,P,3,3,0,4,,,,,,,,,,,,,,,,,,,,,,,,,,,,
5116,Martinez Jo.,Inter,P,2,2,0,5,5.0,6.3,5.7,0.0,3.0,0.0,0.0,0.0,0.0,0.0,0.0,0.0,5.0,450.0,7.26,0.0,0.00277825,0.0,0.0,0.0,0.0,84.95575221238938,0.0,0.0,0.0,0.0,0.728,fuzzy_match
2297,Rossi F.,Atalanta,P,1,1,0,1,0.0,0.0,0.0,0.0,0.0,0.0,0.0,0.0,0.0,0.0,0.0,0.0,1.0,8.0,6.8,0.0,2.32e-06,0.0,0.0,0.0,0.0,0.0,0.0,0.0,0.0,0.0,0.6509999999999999,fuzzy_match
4,Sportiello,Atalanta,P,1,1,0,1,2.0,6.0,5.0,0.0,2.0,0.0,0.0,0.0,0.0,0.0,0.0,0.0,2.0,125.0,6.65,0.0,0.00091648,0.0,0.0,0.0,0.0,82.6923076923077,0.0,0.0,0.0,0.0,0.7539999999999999,fuzzy_match
7172,Pessina Mas.,Bologna,P,1,1,0,1,,,,,,,,,,,,,,,,,,,,,,,,,,,,
4929,Ciocci,Cagliari,P,1,1,0,1,0.0,0.0,0.0,0.0,0.0,0.0,0.0,0.0,0.0,0.0,0.0,0.0,1.0,8.0,6.8,0.0,2.32e-06,0.0,0.0,0.0,0.0,100.0,0.0,0.0,0.0,0.0,0.749,fuzzy_match
3,Radunovic,Cagliari,P,1,1,0,1,0.0,0.0,0.0,0.0,0.0,0.0,0.0,0.0,0.0,0.0,0.0,0.0,7.0,630.0,6.83,0.0,0.03511952,0.0,0.0,0.0,0.0,72.77486910994764,0.0,1.0,0.0,0.0,0.819,fuzzy_match
2809,Vigorito,Como,P,1,1,0,1,0.0,0.0,0.0,0.0,0.0,0.0,0.0,0.0,0.0,0.0,0.0,0.0,5.0,422.0,6.94,0.0,0.0,0.0,0.0,0.0,0.0,68.59504132231406,0.0,0.0,1.0,0.0,0.666,fuzzy_match
6505,Nava,Cremonese,P,1,1,0,1,0.0,0.0,0.0,0.0,0.0,0.0,0.0,0.0,0.0,0.0,0.0,0.0,1.0,2.0,0.0,0.0,4.351e-05,0.0,0.0,0.0,0.0,100.0,0.0,0.0,0.0,0.0,0.6064999999999999,fuzzy_match
6184,Martinelli T.,Fiorentina,P,1,1,0,1,0.0,0.0,0.0,0.0,0.0,0.0,0.0,0.0,0.0,0.0,0.0,0.0,1.0,90.0,6.5,0.0,0.00028186,0.0,0.0,0.0,0.0,73.91304347826086,0.0,0.0,0.0,0.0,0.8049999999999999,fuzzy_match
6991,Siegrist,Genoa,P,1,1,0,1,2.0,6.5,5.5,0.0,2.0,0.0,0.0,0.0,0.0,0.0,0.0,0.0,2.0,153.0,7.45,0.0,0.00101957,0.0,0.0,0.0,0.0,60.9375,0.0,1.0,0.0,0.0,0.7979999999999999,fuzzy_match
219,Sommariva,Genoa,P,1,1,0,1,1.0,7.0,6.0,0.0,1.0,0.0,0.0,0.0,0.0,0.0,,,,,,,,,,,,,,,,,,
1926,Di Gennaro,Inter,P,1,1,0,1,0.0,0.0,0.0,0.0,0.0,0.0,0.0,0.0,0.0,0.0,0.0,0.0,1.0,23.0,7.6,0.0,2.74e-05,0.0,0.0,0.0,0.0,92.3076923076923,0.0,0.0,0.0,0.0,0.8329999999999999,fuzzy_match
218,Perin,Juventus,P,1,1,0,2,5.0,6.1,5.5,0.0,3.0,0.0,0.0,0.0,0.0,0.0,0.0,0.0,5.0,450.0,7.06,0.0,0.00578418,0.0,0.0,0.0,0.0,75.6578947368421,0.0,0.0,0.0,0.0,0.763,fuzzy_match
1930,Pinsoglio,Juventus,P,1,1,0,1,0.0,0.0,0.0,0.0,0.0,0.0,0.0,0.0,0.0,0.0,0.0,0.0,1.0,45.0,7.1,0.0,6.003e-05,0.0,0.0,0.0,0.0,65.0,0.0,0.0,0.0,0.0,0.8749999999999999,fuzzy_match
6417,Furlanetto,Lazio,P,1,1,0,1,0.0,0.0,0.0,0.0,0.0,0.0,0.0,0.0,0.0,0.0,,,,,,,,,,,,,,,,,,
2401,Fruchtl,Lecce,P,1,1,0,1,0.0,0.0,0.0,0.0,0.0,0.0,0.0,0.0,0.0,0.0,,,,,,,,,,,,,,,,,,
6523,Samooja,Lecce,P,1,1,0,1,0.0,0.0,0.0,0.0,0.0,0.0,0.0,0.0,0.0,0.0,,,,,,,,,,,,,,,,,,
2815,Terracciano,Milan,P,1,1,0,1,3.0,6.17,5.17,0.0,3.0,0.0,0.0,0.0,0.0,0.0,0.0,0.0,13.0,550.0,6.62,0.165,0.0802636,1.0,3.0,0.0,1.0,89.68609865470853,9.0,6.0,3.0,0.0,0.761,fuzzy_match
6813,Torriani,Milan,P,1,1,0,1,0.0,0.0,0.0,0.0,0.0,0.0,0.0,0.0,0.0,0.0,,,,,,,,,,,,,,,,,,
2845,Contini,Napoli,P,1,1,0,1,0.0,0.0,0.0,0.0,0.0,0.0,0.0,0.0,0.0,0.0,0.0,0.0,1.0,16.0,6.6,0.0,2.673e-05,0.0,0.0,0.0,0.0,100.0,0.0,0.0,0.0,0.0,0.819,fuzzy_match
6662,Corvi,Parma,P,1,1,0,1,0.0,0.0,0.0,0.0,0.0,0.0,0.0,0.0,0.0,0.0,,,,,,,,,,,,,,,,,,
5338,Rinaldi,Parma,P,1,1,0,1,0.0,0.0,0.0,0.0,0.0,0.0,0.0,0.0,0.0,0.0,3.0,3.0,25.0,1329.0,6.92,2.8417,1.29410223,6.0,20.0,8.0,9.0,78.4965034965035,47.0,19.0,7.0,0.0,0.649,fuzzy_match
2271,Nicolas,Pisa,P,1,1,0,1,,,,,,,,,,,0.0,0.0,2.0,180.0,5.85,0.0,0.0,0.0,0.0,0.0,0.0,82.35294117647058,0.0,0.0,0.0,0.0,0.7919999999999999,fuzzy_match
7169,Zelezny,Roma,P,1,1,0,1,,,,,,,,,,,1.0,0.0,1.0,90.0,7.5,0.2517,0.0289543,1.0,3.0,1.0,0.0,76.31578947368422,0.0,1.0,0.0,0.0,0.6839999999999999,fuzzy_match
610,Gollini,Roma,P,1,1,0,1,7.0,5.86,4.07,0.0,15.0,1.0,0.0,0.0,1.0,0.0,0.0,0.0,7.0,630.0,6.79,0.0,0.01582619,0.0,0.0,0.0,0.0,80.78602620087337,0.0,0.0,1.0,0.0,0.616,fuzzy_match
4518,Russo A.,Sassuolo,P,1,1,0,1,,,,,,,,,,,0.0,0.0,1.0,90.0,6.0,0.0,6.051e-05,0.0,0.0,0.0,0.0,72.91666666666666,0.0,0.0,0.0,0.0,0.644,fuzzy_match
2127,Satalino,Sassuolo,P,1,1,0,1,,,,,,,,,,,0.0,0.0,1.0,8.0,6.9,0.0,0.0,0.0,0.0,0.0,0.0,100.0,0.0,0.0,0.0,0.0,0.819,fuzzy_match
5320,Paleari,Torino,P,1,1,0,1,1.0,6.5,3.5,0.0,3.0,0.0,0.0,0.0,0.0,0.0,0.0,0.0,1.0,90.0,7.1,0.0,0.00138778,0.0,0.0,0.0,0.0,85.18518518518519,0.0,0.0,0.0,0.0,0.7979999999999999,fuzzy_match
6210,Popa,Torino,P,1,1,0,1,0.0,0.0,0.0,0.0,0.0,0.0,0.0,0.0,0.0,0.0,,,,,,,,,,,,,,,,,,
543,Padelli,Udinese,P,1,1,0,1,1.0,6.5,6.5,0.0,0.0,0.0,0.0,0.0,0.0,0.0,0.0,0.0,1.0,90.0,7.5,0.0,0.00019942,0.0,0.0,0.0,0.0,72.22222222222221,0.0,0.0,0.0,0.0,0.7979999999999999,fuzzy_match
511,Perilli,Verona,P,1,1,0,1,2.0,6.0,5.0,0.0,2.0,0.0,0.0,0.0,0.0,0.0,0.0,0.0,2.0,180.0,7.05,0.0,0.00151133,0.0,0.0,0.0,0.0,23.91304347826087,0.0,0.0,0.0,0.0,0.7264999999999999,fuzzy_match
6125,Vasquez D.,Roma,P,1,1,0,1,32.0,6.02,4.67,0.0,45.0,1.0,0.0,0.0,2.0,0.0,,,,,,,,,,,,,,,,,,
7185,Nunziante,Udinese,P,1,1,0,1,,,,,,,,,,,,,,,,,,,,,,,,,,,,
158,Lezzerini,Fiorentina,P,1,1,0,1,,,,,,,,,,,0.0,0.0,6.0,495.0,7.17,0.0,0.0,0.0,0.0,0.0,0.0,72.5,0.0,0.0,2.0,0.0,0.7635,fuzzy_match
2211,Silvestri,Cremonese,P,1,1,0,1,5.0,5.7,3.5,0.0,11.0,0.0,0.0,0.0,0.0,0.0,0.0,0.0,5.0,450.0,6.66,0.0,0.0158361,0.0,0.0,0.0,0.0,59.09090909090909,0.0,0.0,0.0,0.0,0.7249999999999999,fuzzy_match
5513,Dumfries,Inter,D,20,20,0,100,29.0,6.19,6.91,7.0,0.0,0.0,0.0,2.0,4.0,0.0,7.0,2.0,29.0,1951.0,7.03,5.3045,2.76752062,19.0,36.0,13.0,14.0,76.6773162939297,25.0,6.0,4.0,0.0,0.74,fuzzy_match
254,Dimarco,Inter,D,19,19,0,96,32.0,6.31,6.86,4.0,0.0,0.0,0.0,7.0,3.0,0.0,4.0,7.0,33.0,2229.0,7.24,3.3419,5.09016805,22.0,56.0,4.0,56.0,84.05215646940822,25.0,14.0,3.0,0.0,0.677,fuzzy_match
2160,Gosens,Fiorentina,D,18,18,0,85,32.0,6.12,6.59,5.0,0.0,0.0,0.0,3.0,6.0,0.0,5.0,5.0,32.0,2527.0,7.06,1.8192,1.71002961,8.0,23.0,4.0,13.0,78.98686679174483,56.0,18.0,6.0,0.0,0.819,fuzzy_match
4433,Zortea,Bologna,D,16,16,0,40,35.0,6.07,6.6,6.0,0.0,0.0,0.0,2.0,3.0,0.0,,,,,,,,,,,,,,,,,,
2120,Bastoni,Inter,D,16,16,0,78,32.0,6.42,6.55,1.0,0.0,0.0,0.0,4.0,4.0,1.0,1.0,5.0,33.0,2420.0,7.21,0.8352,2.76461249,2.0,13.0,7.0,28.0,90.51130776794494,46.0,22.0,5.0,1.0,0.742,fuzzy_match
5520,Cambiaso,Juventus,D,15,15,0,59,32.0,6.09,6.31,2.0,0.0,0.0,0.0,3.0,4.0,0.0,2.0,3.0,33.0,2222.0,7.0,0.7312,2.05817383,6.0,17.0,27.0,14.0,91.38525155065473,46.0,16.0,4.0,0.0,0.84,fuzzy_match
4772,Angelino,Roma,D,15,15,0,57,38.0,6.14,6.32,2.0,0.0,0.0,0.0,1.0,1.0,0.0,2.0,1.0,38.0,3179.0,7.08,1.0732,3.95628852,5.0,23.0,11.0,36.0,82.03221809169764,46.0,28.0,1.0,0.0,0.866,fuzzy_match
2816,Di Lorenzo,Napoli,D,14,14,0,56,37.0,6.15,6.36,3.0,0.0,0.0,0.0,2.0,6.0,0.0,3.0,2.0,37.0,3330.0,7.17,2.8281,3.86510286,6.0,21.0,4.0,11.0,85.21505376344086,66.0,31.0,6.0,0.0,0.8329999999999999,fuzzy_match
7181,Wesley,Roma,D,14,14,0,55,,,,,,,,,,,1.0,0.0,1.0,90.0,7.5,0.2517,0.0289543,1.0,3.0,1.0,0.0,76.31578947368422,0.0,1.0,0.0,0.0,1.05,fuzzy_match
4887,Bellanova,Atalanta,D,13,13,0,52,35.0,6.04,6.26,0.0,0.0,0.0,0.0,9.0,3.0,0.0,0.0,9.0,34.0,2407.0,7.0,1.0596,5.0823112,5.0,18.0,21.0,35.0,84.19913419913419,24.0,18.0,3.0,0.0,0.7749999999999999,fuzzy_match
554,Zappacosta,Atalanta,D,13,13,0,41,30.0,5.98,6.4,4.0,0.0,0.0,0.0,2.0,3.0,0.0,4.0,2.0,30.0,2076.0,6.9,2.2777,3.00128888,12.0,39.0,12.0,33.0,85.8902575587906,26.0,11.0,3.0,0.0,0.768,fuzzy_match
2788,Bremer,Juventus,D,13,13,0,50,6.0,6.5,6.42,0.0,0.0,0.0,0.0,0.0,1.0,0.0,0.0,0.0,6.0,540.0,7.57,0.1343,0.06046252,0.0,3.0,3.0,0.0,92.84294234592446,15.0,6.0,1.0,0.0,1.05,fuzzy_match
2724,Buongiorno,Napoli,D,13,13,0,42,22.0,6.36,6.45,1.0,0.0,0.0,0.0,0.0,2.0,0.0,1.0,0.0,22.0,1926.0,7.16,0.8101,0.59268016,4.0,8.0,1.0,0.0,91.0377358490566,39.0,35.0,2.0,0.0,0.8049999999999999,fuzzy_match
5620,Tavares N.,Lazio,D,12,12,0,46,23.0,6.28,6.5,0.0,0.0,0.0,0.0,7.0,2.0,1.0,0.0,8.0,23.0,1698.0,7.0,1.0926,4.91822844,5.0,28.0,49.0,34.0,84.12903225806451,28.0,21.0,3.0,1.0,0.7979999999999999,fuzzy_match
6046,Hien,Atalanta,D,11,11,0,34,29.0,5.95,5.78,0.0,0.0,0.0,0.0,0.0,10.0,0.0,0.0,0.0,30.0,2325.0,6.89,0.9988,0.2085222,2.0,8.0,6.0,0.0,89.77183320220298,48.0,31.0,10.0,0.0,0.7839999999999999,fuzzy_match
5885,Dodò,Fiorentina,D,11,11,0,43,35.0,6.19,6.21,0.0,0.0,0.0,0.0,5.0,8.0,0.0,0.0,5.0,35.0,3119.0,7.01,1.2979,4.27496749,6.0,27.0,52.0,34.0,81.91964285714286,44.0,35.0,8.0,0.0,0.8749999999999999,fuzzy_match
5273,Estupinan,Milan,D,11,11,0,43,,,,,,,,,,,0.0,1.0,1.0,45.0,7.2,0.0132,0.535865,0.0,1.0,0.0,0.0,89.47368421052632,0.0,0.0,0.0,0.0,0.742,fuzzy_match
4409,Rrahmani,Napoli,D,11,11,0,32,38.0,6.14,6.17,1.0,0.0,0.0,0.0,1.0,2.0,0.0,1.0,3.0,38.0,3406.0,7.27,2.8819,0.73445899,4.0,28.0,4.0,0.0,91.0436980859516,39.0,27.0,2.0,0.0,0.8819999999999999,fuzzy_match
2296,Mancini,Roma,D,11,11,0,30,37.0,6.18,6.26,2.0,0.0,0.0,0.0,1.0,8.0,0.0,2.0,0.0,37.0,3144.0,6.99,1.6551,0.78083997,7.0,22.0,1.0,7.0,87.21174004192872,42.0,35.0,8.0,0.0,0.777,fuzzy_match
6956,Solet,Udinese,D,11,11,0,40,19.0,6.16,6.29,1.0,0.0,0.0,0.0,1.0,1.0,1.0,1.0,2.0,19.0,1674.0,7.23,0.8362,0.77313336,7.0,12.0,25.0,2.0,89.31506849315069,33.0,17.0,2.0,1.0,0.7839999999999999,fuzzy_match
2593,Martin,Genoa,D,10,10,0,32,36.0,6.17,6.32,0.0,0.0,0.0,0.0,8.0,5.0,0.0,0.0,0.0,1.0,45.0,6.2,0.0,0.00130852,0.0,0.0,0.0,0.0,76.47058823529412,0.0,0.0,0.0,0.0,0.694,fuzzy_match
5877,Carlos Augusto,Inter,D,10,10,0,31,28.0,6.2,6.61,3.0,0.0,0.0,0.0,3.0,1.0,0.0,3.0,2.0,29.0,1653.0,7.0,2.858,1.47448425,7.0,24.0,7.0,5.0,90.01782531194296,29.0,9.0,1.0,0.0,1.05,fuzzy_match
6202,Beukema,Napoli,D,10,10,0,23,34.0,5.93,5.94,0.0,0.0,0.0,0.0,1.0,1.0,0.0,0.0,1.0,35.0,3016.0,7.01,1.4574,1.02717873,5.0,15.0,1.0,3.0,86.68893129770993,54.0,30.0,1.0,0.0,0.7234999999999999,fuzzy_match
5840,Olivera,Napoli,D,10,10,0,21,30.0,6.08,6.05,0.0,0.0,0.0,0.0,1.0,4.0,0.0,0.0,2.0,32.0,2371.0,7.03,1.1357,0.83287199,2.0,16.0,5.0,5.0,85.91040462427746,63.0,28.0,4.0,0.0,0.7979999999999999,fuzzy_match
5862,Valeri,Parma,D,10,10,0,27,34.0,5.94,6.25,2.0,0.0,0.0,1.0,5.0,1.0,0.0,2.0,6.0,35.0,2878.0,6.83,1.9599,3.44590017,5.0,27.0,12.0,25.0,73.8238841978287,51.0,29.0,1.0,0.0,0.749,fuzzy_match
4317,N'Dicka,Roma,D,10,10,0,26,38.0,6.05,6.03,0.0,0.0,0.0,0.0,0.0,2.0,0.0,0.0,1.0,38.0,3420.0,7.04,0.9688,0.42049077,5.0,18.0,0.0,0.0,92.19001610305958,32.0,33.0,2.0,0.0,0.819,fuzzy_match
5578,Kossounou,Atalanta,D,9,9,0,22,17.0,5.94,5.91,0.0,0.0,0.0,0.0,0.0,1.0,0.0,0.0,0.0,18.0,1125.0,6.72,0.5296,0.20828782,4.0,6.0,5.0,0.0,88.73873873873875,16.0,13.0,1.0,0.0,0.854,fuzzy_match
4734,Miranda J.,Bologna,D,9,9,0,24,29.0,6.05,6.16,0.0,0.0,0.0,0.0,6.0,4.0,1.0,0.0,6.0,31.0,2291.0,7.14,0.7171,5.55598751,5.0,22.0,7.0,57.0,82.07088255733149,32.0,23.0,4.0,1.0,0.7979999999999999,fuzzy_match
5514,Vasquez,Genoa,D,9,9,0,20,36.0,6.06,6.18,3.0,0.0,0.0,0.0,0.0,9.0,0.0,3.0,0.0,36.0,3041.0,7.09,2.4448,0.40708662,8.0,36.0,5.0,2.0,85.14056224899599,56.0,50.0,9.0,0.0,0.7699999999999999,fuzzy_match
513,Acerbi,Inter,D,9,9,0,26,21.0,6.07,6.12,0.0,0.0,0.0,0.0,1.0,0.0,0.0,0.0,1.0,23.0,1714.0,7.11,0.3951,1.36501286,1.0,5.0,3.0,8.0,92.71730618637432,23.0,26.0,0.0,0.0,0.735,fuzzy_match
6217,Bisseck,Inter,D,9,9,0,21,27.0,6.0,6.33,3.0,0.0,0.0,0.0,2.0,4.0,0.0,3.0,2.0,27.0,1645.0,6.94,2.4907,1.23570945,5.0,21.0,3.0,2.0,92.35668789808918,17.0,17.0,4.0,0.0,0.868,fuzzy_match
322,De Vrij,Inter,D,9,9,0,20,22.0,6.18,6.55,3.0,0.0,0.0,0.0,0.0,2.0,0.0,3.0,0.0,26.0,1719.0,7.04,1.0965,0.32879695,3.0,13.0,3.0,0.0,93.29050678087081,18.0,23.0,2.0,0.0,0.819,fuzzy_match
4976,Kalulu,Juventus,D,9,9,0,24,28.0,6.02,6.05,1.0,0.0,0.0,0.0,0.0,2.0,1.0,1.0,0.0,29.0,2335.0,6.97,0.6763,0.77135097,3.0,7.0,4.0,6.0,93.82716049382715,41.0,17.0,2.0,1.0,0.7909999999999999,fuzzy_match
5833,Gila,Lazio,D,9,9,0,20,32.0,6.05,5.95,1.0,0.0,0.0,0.0,0.0,8.0,0.0,1.0,0.0,32.0,2742.0,7.04,1.0326,1.04099561,4.0,15.0,4.0,1.0,91.97834645669292,55.0,28.0,8.0,0.0,0.602,fuzzy_match
787,Djimsiti,Atalanta,D,8,8,0,15,33.0,5.88,5.88,1.0,0.0,0.0,0.0,2.0,6.0,0.0,1.0,2.0,34.0,2652.0,7.12,2.6859,0.72659908,4.0,20.0,1.0,3.0,88.09380637402285,53.0,40.0,6.0,0.0,0.861,fuzzy_match
5526,Scalvini,Atalanta,D,8,8,0,24,4.0,5.5,5.25,0.0,0.0,0.0,0.0,0.0,2.0,0.0,0.0,0.0,6.0,273.0,6.68,0.1026,0.05385119,0.0,4.0,5.0,0.0,84.5360824742268,8.0,4.0,2.0,0.0,0.819,fuzzy_match
6042,Lucumì,Bologna,D,8,8,0,21,32.0,5.83,5.7,0.0,0.0,0.0,0.0,1.0,8.0,1.0,0.0,1.0,32.0,2613.0,6.92,0.6205,0.7098136,2.0,13.0,10.0,0.0,91.51036525172755,53.0,26.0,8.0,1.0,0.763,fuzzy_match
7068,Vitik,Bologna,D,8,8,0,18,,,,,,,,,,,0.0,0.0,1.0,45.0,6.2,0.0,0.00130852,0.0,0.0,0.0,0.0,76.47058823529412,0.0,0.0,0.0,0.0,0.6789999999999999,fuzzy_match
5678,Holm,Bologna,D,8,8,0,15,16.0,5.94,6.12,1.0,0.0,0.0,0.0,1.0,3.0,0.0,1.0,1.0,21.0,1137.0,6.94,0.5734,0.91182218,3.0,10.0,10.0,12.0,79.21847246891652,34.0,10.0,3.0,0.0,0.7839999999999999,fuzzy_match
5739,De Winter,Milan,D,8,8,0,17,24.0,5.85,6.1,3.0,0.0,0.0,0.0,0.0,6.0,0.0,3.0,0.0,25.0,2133.0,6.81,2.0846,0.16762381,7.0,13.0,6.0,2.0,86.85064935064936,33.0,25.0,6.0,0.0,0.696,fuzzy_match
4177,Pavard,Inter,D,8,8,0,23,22.0,6.05,6.0,0.0,0.0,0.0,0.0,1.0,4.0,0.0,0.0,1.0,23.0,1584.0,7.02,0.5498,0.95259323,1.0,8.0,0.0,2.0,92.04647006255585,29.0,16.0,4.0,0.0,0.749,fuzzy_match
5831,Gatti,Juventus,D,8,8,0,13,28.0,6.14,6.21,1.0,0.0,0.0,0.0,0.0,2.0,0.0,1.0,0.0,30.0,2213.0,6.99,2.4546,0.27096875,9.0,25.0,7.0,0.0,95.18238128011012,28.0,18.0,2.0,0.0,0.721,fuzzy_match
7175,Joao Mario,Juventus,D,8,8,0,18,,,,,,,,,,,0.0,0.0,1.0,34.0,7.1,0.0,0.0013881,0.0,0.0,0.0,0.0,75.0,1.0,1.0,0.0,0.0,0.9099999999999999,fuzzy_match
460,Romagnoli,Lazio,D,8,8,0,22,32.0,5.84,5.91,2.0,0.0,0.0,0.0,0.0,4.0,2.0,2.0,0.0,32.0,2674.0,6.93,1.9581,0.27051768,8.0,20.0,1.0,0.0,91.9612314709236,48.0,26.0,4.0,2.0,0.8329999999999999,fuzzy_match
2188,Marusic,Lazio,D,8,8,0,23,31.0,5.85,6.16,4.0,0.0,0.0,0.0,0.0,1.0,0.0,1.0,0.0,10.0,604.0,6.64,1.0652,0.06822679,1.0,2.0,0.0,1.0,89.19597989949749,9.0,3.0,2.0,0.0,0.7839999999999999,fuzzy_match
5835,Baschirotto,Cremonese,D,8,8,0,18,38.0,5.86,5.97,2.0,0.0,0.0,0.0,0.0,3.0,0.0,2.0,0.0,38.0,3420.0,6.91,1.2331,0.50955771,8.0,22.0,4.0,0.0,86.71199011124845,37.0,23.0,3.0,0.0,0.6694999999999999,fuzzy_match
6632,Gaspar K.,Lecce,D,8,8,0,19,24.0,6.17,6.15,0.0,0.0,0.0,0.0,1.0,3.0,0.0,0.0,1.0,24.0,2143.0,7.12,1.1138,0.66174672,1.0,16.0,8.0,1.0,86.80479825517993,34.0,32.0,3.0,0.0,0.7,fuzzy_match
4751,Tomori,Milan,D,8,8,0,25,18.0,5.86,5.81,0.0,0.0,0.0,0.0,1.0,2.0,1.0,0.0,1.0,22.0,1611.0,6.89,0.0801,0.77186103,0.0,2.0,2.0,3.0,92.89055191768007,40.0,20.0,3.0,1.0,0.7909999999999999,fuzzy_match
6664,Delprato,Parma,D,8,8,0,21,34.0,6.03,6.21,4.0,2.0,0.0,0.0,0.0,8.0,0.0,4.0,0.0,34.0,2946.0,6.97,2.0603,0.9035095,5.0,12.0,2.0,4.0,85.92375366568915,33.0,19.0,8.0,0.0,0.819,fuzzy_match
6642,Coco,Torino,D,8,8,0,12,32.0,5.86,5.83,2.0,0.0,0.0,0.0,0.0,10.0,0.0,2.0,0.0,32.0,2847.0,6.96,1.1775,0.20219189,6.0,20.0,7.0,1.0,88.53754940711462,46.0,38.0,10.0,0.0,0.7839999999999999,fuzzy_match
5010,Ismajli,Torino,D,8,8,0,13,29.0,6.17,6.12,0.0,0.0,0.0,0.0,0.0,3.0,0.0,0.0,0.0,29.0,2510.0,7.01,0.311,0.09413754,0.0,5.0,0.0,0.0,86.839481555334,30.0,56.0,3.0,0.0,0.6515,fuzzy_match
252,Biraghi,Torino,D,8,8,0,23,21.0,5.83,5.86,1.0,0.0,0.0,0.0,0.0,1.0,0.0,0.0,0.0,15.0,1158.0,7.07,0.4541,2.19841127,1.0,10.0,1.0,32.0,79.28994082840237,16.0,8.0,0.0,0.0,0.7559999999999999,fuzzy_match
5427,Gutierrez,Napoli,D,8,8,0,18,,,,,,,,,,,3.0,2.0,37.0,3330.0,7.17,2.8281,3.86510286,6.0,21.0,4.0,11.0,85.21505376344086,66.0,31.0,6.0,0.0,0.602,fuzzy_match
2640,Kolasinac,Atalanta,D,7,7,0,15,23.0,6.13,5.98,0.0,0.0,0.0,0.0,2.0,7.0,0.0,0.0,2.0,23.0,1910.0,6.99,0.7959,1.4780764,3.0,10.0,3.0,2.0,88.08373590982286,41.0,25.0,7.0,0.0,0.84,fuzzy_match
393,Luperto,Cagliari,D,7,7,0,18,36.0,6.0,6.08,1.0,0.0,0.0,0.0,2.0,4.0,0.0,1.0,3.0,36.0,3240.0,6.82,2.1515,0.76091938,6.0,21.0,1.0,1.0,84.85436893203884,48.0,33.0,4.0,0.0,0.742,fuzzy_match
4210,Mina,Cagliari,D,7,7,0,21,31.0,6.06,6.06,1.0,0.0,0.0,0.0,0.0,4.0,1.0,1.0,0.0,31.0,2576.0,7.08,2.3362,0.69794727,8.0,26.0,3.0,1.0,86.05491329479769,66.0,37.0,5.0,1.0,0.749,fuzzy_match
6495,Comuzzo,Fiorentina,D,7,7,0,17,28.0,5.91,5.93,1.0,0.0,0.0,0.0,0.0,5.0,0.0,1.0,0.0,33.0,2202.0,6.85,0.5206,0.23220579,2.0,5.0,0.0,1.0,86.32341110217216,43.0,29.0,5.0,0.0,0.819,fuzzy_match
4904,Marì,Fiorentina,D,7,7,0,13,32.0,5.84,5.75,0.0,0.0,0.0,0.0,0.0,4.0,1.0,0.0,0.0,13.0,1098.0,7.07,0.1449,0.10473489,1.0,5.0,0.0,0.0,92.00652528548125,14.0,25.0,2.0,0.0,0.6509999999999999,fuzzy_match
4378,Ranieri L.,Fiorentina,D,7,7,0,16,36.0,5.92,5.96,1.0,0.0,0.0,0.0,2.0,7.0,0.0,1.0,3.0,36.0,3077.0,6.96,1.0556,1.37859677,5.0,11.0,9.0,5.0,86.31221719457014,42.0,28.0,7.0,0.0,0.7979999999999999,fuzzy_match
6766,Kelly L.,Juventus,D,7,7,0,14,12.0,5.67,5.62,0.0,0.0,0.0,0.0,0.0,1.0,0.0,0.0,0.0,12.0,1015.0,6.84,0.3874,0.25440817,1.0,7.0,0.0,0.0,84.9144634525661,15.0,2.0,1.0,0.0,0.721,fuzzy_match
5022,Pavlovic,Milan,D,7,7,0,21,22.0,5.91,6.11,2.0,0.0,0.0,0.0,1.0,3.0,1.0,2.0,1.0,24.0,1869.0,7.08,1.7978,0.38814387,8.0,17.0,4.0,2.0,89.02077151335311,52.0,16.0,3.0,1.0,0.728,fuzzy_match
1852,Spinazzola,Napoli,D,7,7,0,10,23.0,6.07,6.22,1.0,0.0,0.0,0.0,1.0,1.0,0.0,1.0,1.0,27.0,1536.0,6.84,0.7396,3.43575838,4.0,12.0,28.0,15.0,83.54609929078013,17.0,9.0,1.0,0.0,0.8329999999999999,fuzzy_match
4657,Celik,Roma,D,7,7,0,18,30.0,5.78,5.77,0.0,0.0,0.0,0.0,2.0,5.0,0.0,0.0,2.0,31.0,2261.0,6.94,0.5707,1.00410673,4.0,13.0,8.0,12.0,84.49014567266495,62.0,15.0,5.0,0.0,0.721,fuzzy_match
4665,Maripan,Torino,D,7,7,0,13,28.0,5.93,5.93,1.0,0.0,0.0,0.0,0.0,4.0,1.0,1.0,1.0,28.0,2341.0,6.89,0.9456,0.92690613,5.0,12.0,2.0,0.0,86.7624810892587,40.0,41.0,4.0,1.0,0.7,fuzzy_match
4385,Lazaro,Torino,D,7,7,0,19,31.0,5.98,6.08,0.0,0.0,0.0,0.0,6.0,6.0,0.0,0.0,6.0,33.0,2322.0,6.75,1.0621,3.43574792,2.0,16.0,14.0,32.0,81.63934426229508,26.0,11.0,6.0,0.0,0.635,fuzzy_match
5555,Kamara H.,Udinese,D,7,7,0,19,30.0,5.93,6.03,1.0,0.0,0.0,0.0,4.0,6.0,1.0,1.0,2.0,19.0,1674.0,7.23,0.8362,0.77313336,7.0,12.0,25.0,2.0,89.31506849315069,33.0,17.0,2.0,1.0,0.63,fuzzy_match
697,Cuadrado,Pisa,D,7,7,0,13,20.0,6.08,6.1,0.0,0.0,0.0,0.0,2.0,3.0,0.0,0.0,0.0,1.0,90.0,6.5,0.0291,0.00231999,0.0,1.0,0.0,0.0,86.95652173913044,3.0,1.0,0.0,0.0,0.616,fuzzy_match
6672,Idzes,Sassuolo,D,7,7,0,17,35.0,5.96,5.97,1.0,0.0,0.0,0.0,0.0,5.0,0.0,1.0,0.0,35.0,3128.0,6.81,1.9081,0.44016303,3.0,15.0,1.0,2.0,87.11307643714467,45.0,32.0,5.0,0.0,0.6295,fuzzy_match
6916,Ahanor,Atalanta,D,6,6,0,9,6.0,6.0,6.0,0.0,0.0,0.0,0.0,0.0,0.0,0.0,0.0,0.0,30.0,2325.0,6.89,0.9988,0.2085222,2.0,8.0,6.0,0.0,89.77183320220298,48.0,31.0,10.0,0.0,0.63,fuzzy_match
4461,Zappa,Cagliari,D,6,6,0,13,36.0,5.75,5.86,2.0,0.0,0.0,0.0,0.0,4.0,0.0,2.0,0.0,37.0,3062.0,6.81,0.844,3.33913867,5.0,11.0,13.0,17.0,78.7063953488372,40.0,23.0,4.0,0.0,0.721,fuzzy_match
4994,Vojvoda,Como,D,6,6,0,13,27.0,5.96,6.04,1.0,0.0,0.0,0.0,2.0,6.0,0.0,1.0,2.0,11.0,718.0,6.99,0.2487,0.90616823,1.0,4.0,3.0,5.0,84.07310704960835,9.0,3.0,2.0,0.0,0.819,fuzzy_match
6867,Valle,Como,D,6,6,0,13,13.0,5.81,5.73,0.0,0.0,0.0,0.0,0.0,2.0,0.0,0.0,0.0,15.0,1034.0,6.81,0.2909,0.48431882,1.0,9.0,9.0,6.0,85.29411764705883,26.0,8.0,2.0,0.0,0.819,fuzzy_match
4401,Gabbia,Milan,D,6,6,0,16,25.0,6.04,6.2,2.0,0.0,0.0,0.0,0.0,4.0,0.0,2.0,0.0,26.0,2161.0,7.02,1.0795,0.24905297,4.0,14.0,1.0,1.0,91.48639218422889,21.0,15.0,4.0,0.0,0.7909999999999999,fuzzy_match
5851,Doig,Sassuolo,D,6,6,0,17,,,,,,,,,,,0.0,0.0,1.0,81.0,6.6,0.0237,0.00659238,1.0,1.0,1.0,0.0,93.75,1.0,1.0,0.0,0.0,0.7839999999999999,fuzzy_match
5820,Bertola,Udinese,D,6,6,0,11,,,,,,,,,,,0.0,0.0,2.0,33.0,6.75,0.0,0.0,1.0,1.0,0.0,0.0,54.54545454545454,3.0,3.0,0.0,0.0,0.6465,fuzzy_match
6985,Candè,Sassuolo,D,6,6,0,14,17.0,5.76,5.82,1.0,0.0,0.0,0.0,0.0,4.0,0.0,0.0,0.0,26.0,1519.0,6.56,0.505,0.39680591,2.0,7.0,2.0,0.0,85.27245949926362,25.0,24.0,6.0,1.0,0.658,fuzzy_match
7211,Athekame,Milan,D,6,6,0,14,,,,,,,,,,,2.0,0.0,26.0,2161.0,7.02,1.0795,0.24905297,4.0,14.0,1.0,1.0,91.48639218422889,21.0,15.0,4.0,0.0,0.616,fuzzy_match
7235,Troilo,Parma,D,6,6,0,13,,,,,,,,,,,0.0,1.0,29.0,2053.0,6.82,0.4299,0.25734941,0.0,3.0,0.0,0.0,89.55067920585162,36.0,25.0,5.0,0.0,0.644,fuzzy_match
6066,Posch,Bologna,D,5,5,0,10,13.0,5.81,5.77,0.0,0.0,0.0,0.0,0.0,1.0,0.0,0.0,0.0,14.0,722.0,6.74,0.2851,0.52950476,0.0,2.0,3.0,8.0,78.34549878345499,26.0,5.0,1.0,0.0,0.763,fuzzy_match
2653,Lykogiannis,Bologna,D,5,5,0,12,16.0,6.0,6.16,0.0,0.0,0.0,0.0,4.0,3.0,0.0,0.0,4.0,17.0,1050.0,6.99,0.236,2.07811732,2.0,6.0,4.0,31.0,79.6116504854369,23.0,11.0,3.0,0.0,0.8049999999999999,fuzzy_match
6893,Kempf,Como,D,5,5,0,15,31.0,5.85,5.76,0.0,0.0,0.0,0.0,0.0,4.0,1.0,0.0,0.0,31.0,2617.0,7.02,1.5851,1.17869232,4.0,20.0,4.0,1.0,87.83225044300059,30.0,33.0,5.0,1.0,0.6649999999999999,fuzzy_match
7131,Floriani Mussolini,Cremonese,D,5,5,0,9,,,,,,,,,,,0.0,0.0,1.0,12.0,6.8,0.0,6.255e-05,0.0,0.0,0.0,0.0,66.66666666666666,0.0,0.0,0.0,0.0,0.616,fuzzy_match
770,Pezzella Giu.,Cremonese,D,5,5,0,13,35.0,6.03,6.04,0.0,0.0,0.0,0.0,4.0,7.0,0.0,,,,,,,,,,,,,,,,,,
5603,Pongracic,Fiorentina,D,5,5,0,16,17.0,5.85,5.65,0.0,0.0,0.0,0.0,0.0,1.0,1.0,0.0,0.0,20.0,1340.0,6.73,0.0456,0.28996722,1.0,2.0,9.0,0.0,89.19270833333334,18.0,12.0,2.0,1.0,0.7559999999999999,fuzzy_match
5449,Parisi,Fiorentina,D,5,5,0,11,20.0,6.0,6.22,2.0,0.0,0.0,0.0,0.0,3.0,0.0,2.0,0.0,26.0,1112.0,6.77,0.4556,0.94353647,5.0,9.0,10.0,5.0,80.0982800982801,27.0,17.0,3.0,0.0,0.7699999999999999,fuzzy_match
791,Sabelli,Genoa,D,5,5,0,11,30.0,5.87,5.9,0.0,0.0,0.0,0.0,2.0,3.0,0.0,0.0,2.0,34.0,2069.0,6.75,0.1443,1.72126435,1.0,6.0,4.0,15.0,70.95709570957096,58.0,22.0,3.0,0.0,0.7979999999999999,fuzzy_match
6039,Cabal,Juventus,D,5,5,0,10,6.0,6.33,6.25,0.0,0.0,0.0,0.0,0.0,1.0,0.0,0.0,0.0,7.0,461.0,6.83,0.1469,0.29259099,0.0,5.0,4.0,3.0,87.9746835443038,10.0,2.0,1.0,0.0,0.819,fuzzy_match
4502,Gallo,Lecce,D,5,5,0,15,31.0,5.79,5.65,0.0,0.0,0.0,0.0,2.0,3.0,1.0,0.0,2.0,31.0,2615.0,6.93,0.2517,2.70706448,3.0,9.0,13.0,34.0,70.44673539518901,65.0,20.0,3.0,1.0,0.721,fuzzy_match
6531,Jimenez A.,Milan,D,5,5,0,18,21.0,5.95,5.83,0.0,0.0,0.0,0.0,0.0,6.0,0.0,0.0,1.0,22.0,1270.0,6.84,1.0106,1.33442078,5.0,15.0,26.0,9.0,82.94243070362474,24.0,15.0,6.0,0.0,0.735,fuzzy_match
6663,Circati,Parma,D,5,5,0,13,6.0,5.83,5.75,0.0,0.0,0.0,0.0,0.0,1.0,0.0,0.0,0.0,6.0,540.0,6.83,0.2718,0.01791528,0.0,2.0,0.0,0.0,86.02620087336244,7.0,3.0,1.0,0.0,0.742,fuzzy_match
7143,Angori,Pisa,D,5,5,0,17,,,,,,,,,,,0.0,0.0,1.0,90.0,7.3,0.0151,0.557041,0.0,1.0,0.0,3.0,58.333333333333336,2.0,2.0,0.0,0.0,0.6699999999999999,fuzzy_match
6986,Rensch,Roma,D,5,5,0,14,8.0,6.06,6.19,0.0,0.0,0.0,0.0,1.0,0.0,0.0,0.0,1.0,14.0,470.0,6.9,0.2658,0.76519205,2.0,3.0,0.0,2.0,85.71428571428571,17.0,7.0,0.0,0.0,0.7909999999999999,fuzzy_match
7155,Muharemovic,Sassuolo,D,5,5,0,12,,,,,,,,,,,0.0,0.0,1.0,90.0,6.5,0.0169,0.00678629,1.0,1.0,0.0,0.0,86.53846153846155,2.0,3.0,0.0,0.0,0.8469999999999999,fuzzy_match
4374,Walukiewicz,Sassuolo,D,5,5,0,11,28.0,5.73,5.64,0.0,0.0,0.0,0.0,0.0,6.0,0.0,0.0,0.0,29.0,1668.0,6.7,0.3933,0.55668817,1.0,6.0,6.0,5.0,83.35373317013463,38.0,18.0,6.0,0.0,0.6554999999999999,fuzzy_match
6485,Kristensen T.,Udinese,D,5,5,0,12,21.0,5.57,5.6,1.0,0.0,0.0,0.0,0.0,5.0,0.0,1.0,0.0,24.0,1770.0,6.72,0.9279,0.55007905,1.0,4.0,10.0,3.0,80.57713651498335,31.0,21.0,5.0,0.0,0.819,fuzzy_match
6047,Ehizibue,Udinese,D,5,5,0,15,31.0,5.85,5.81,0.0,0.0,0.0,0.0,1.0,5.0,0.0,0.0,1.0,33.0,2510.0,6.82,1.2448,1.82316713,4.0,14.0,12.0,20.0,78.7661406025825,55.0,23.0,5.0,0.0,0.698,fuzzy_match
6894,Unai Nunez,Verona,D,5,5,0,10,,,,,,,,,,,,,,,,,,,,,,,,,,,,
5750,Ostigard,Genoa,D,5,5,0,13,,,,,,,,,,,0.0,0.0,6.0,270.0,6.73,0.6195,0.05780935,1.0,3.0,0.0,1.0,69.35483870967742,7.0,1.0,0.0,0.0,0.6859999999999999,fuzzy_match
7018,Nelsson,Verona,D,5,5,0,10,4.0,6.0,6.0,0.0,0.0,0.0,0.0,0.0,0.0,0.0,0.0,0.0,4.0,185.0,6.9,0.0316,0.01097756,0.0,1.0,1.0,0.0,89.65517241379311,5.0,2.0,0.0,0.0,0.719,fuzzy_match
7240,Siebert,Lecce,D,5,5,0,11,,,,,,,,,,,0.0,1.0,31.0,2451.0,6.86,0.3059,2.10480826,0.0,11.0,18.0,18.0,80.0,65.0,47.0,3.0,2.0,0.644,fuzzy_match
5498,Casale,Bologna,D,4,4,0,8,15.0,5.63,5.53,0.0,0.0,0.0,0.0,1.0,1.0,0.0,0.0,1.0,15.0,911.0,6.74,0.4695,0.50103993,1.0,4.0,3.0,0.0,87.62278978388997,11.0,17.0,1.0,0.0,0.7909999999999999,fuzzy_match
487,De Silvestri,Bologna,D,4,4,0,10,16.0,5.91,6.06,1.0,0.0,0.0,0.0,0.0,1.0,0.0,1.0,0.0,18.0,1065.0,6.76,0.9036,0.38178857,4.0,9.0,1.0,5.0,80.22988505747126,11.0,10.0,1.0,0.0,0.8749999999999999,fuzzy_match
5701,Obert,Cagliari,D,4,4,0,10,19.0,5.95,6.05,1.0,0.0,0.0,0.0,1.0,4.0,0.0,1.0,1.0,21.0,1076.0,6.7,0.9018,0.22220471,2.0,9.0,5.0,1.0,77.03016241299304,31.0,23.0,4.0,0.0,0.819,fuzzy_match
6230,Dossena,Como,D,4,4,0,11,23.0,5.8,5.85,0.0,0.0,0.0,0.0,2.0,0.0,1.0,0.0,2.0,23.0,1829.0,6.81,0.7881,0.43049236,4.0,12.0,4.0,0.0,87.94466403162056,33.0,22.0,1.0,1.0,0.7979999999999999,fuzzy_match
418,Goldaniga,Como,D,4,4,0,6,30.0,5.83,5.73,1.0,0.0,0.0,0.0,0.0,10.0,1.0,1.0,0.0,32.0,2543.0,6.73,2.0901,0.35779165,5.0,12.0,3.0,1.0,87.95013850415513,34.0,33.0,11.0,1.0,0.8329999999999999,fuzzy_match
6896,Van Der Brempt,Como,D,4,4,0,8,18.0,5.94,5.92,0.0,0.0,0.0,0.0,1.0,3.0,0.0,0.0,1.0,20.0,1264.0,6.89,0.4616,0.39061478,3.0,7.0,13.0,3.0,82.86778398510242,40.0,17.0,3.0,0.0,0.9099999999999999,fuzzy_match
7130,Folino,Cremonese,D,4,4,0,9,,,,,,,,,,,,,,,,,,,,,,,,,,,,
1891,Ceccherini,Cremonese,D,4,4,0,11,0.0,0.0,0.0,0.0,0.0,0.0,0.0,0.0,0.0,0.0,0.0,0.0,1.0,12.0,6.8,0.0,6.255e-05,0.0,0.0,0.0,0.0,66.66666666666666,0.0,0.0,0.0,0.0,0.8329999999999999,fuzzy_match
5718,Viti,Fiorentina,D,4,4,0,9,30.0,6.02,6.07,1.0,0.0,0.0,0.0,0.0,3.0,0.0,2.0,3.0,25.0,1337.0,6.72,1.6559,2.01775086,6.0,33.0,22.0,12.0,64.17910447761194,23.0,12.0,2.0,0.0,0.611,fuzzy_match
2525,Darmian,Inter,D,4,4,0,14,26.0,6.08,6.37,3.0,0.0,0.0,0.0,2.0,3.0,0.0,3.0,2.0,29.0,1793.0,6.82,1.9464,1.33195973,4.0,11.0,4.0,8.0,85.36299765807962,28.0,10.0,3.0,0.0,0.719,fuzzy_match
5899,Gigot,Lazio,D,4,4,0,7,10.0,6.2,6.7,2.0,0.0,0.0,0.0,0.0,2.0,0.0,2.0,0.0,15.0,688.0,6.89,1.3098,0.051772,3.0,4.0,1.0,0.0,91.96141479099678,4.0,13.0,2.0,0.0,0.763,fuzzy_match
327,Patric,Lazio,D,4,4,0,7,8.0,5.62,5.88,1.0,0.0,0.0,0.0,0.0,2.0,0.0,1.0,0.0,10.0,604.0,6.64,1.0652,0.06822679,1.0,2.0,0.0,1.0,89.19597989949749,9.0,3.0,2.0,0.0,1.05,fuzzy_match
2263,Lazzari,Lazio,D,4,4,0,11,22.0,5.89,5.86,0.0,0.0,0.0,0.0,1.0,3.0,0.0,0.0,1.0,25.0,1415.0,6.82,0.1169,1.58387706,2.0,6.0,15.0,17.0,87.11433756805808,26.0,10.0,3.0,0.0,0.819,fuzzy_match
7136,Kouassi,Lecce,D,4,4,0,10,,,,,,,,,,,0.0,0.0,1.0,23.0,6.9,0.0,0.00153184,0.0,0.0,0.0,0.0,100.0,2.0,1.0,0.0,0.0,0.728,fuzzy_match
5307,Valenti,Parma,D,4,4,0,11,20.0,5.85,5.85,1.0,0.0,0.0,0.0,0.0,4.0,1.0,1.0,0.0,20.0,1557.0,6.78,0.2692,0.15801439,2.0,7.0,0.0,1.0,84.67153284671532,17.0,13.0,5.0,1.0,0.7979999999999999,fuzzy_match
2273,Caracciolo A.,Pisa,D,4,4,0,12,,,,,,,,,,,0.0,0.0,1.0,90.0,6.5,0.0291,0.00231999,0.0,1.0,0.0,0.0,86.95652173913044,3.0,1.0,0.0,0.0,0.8049999999999999,fuzzy_match
6411,Mateus Lusuardi,Pisa,D,4,4,0,7,,,,,,,,,,,0.0,0.0,4.0,220.0,6.33,0.0694,0.0231503,0.0,1.0,1.0,0.0,89.05109489051095,2.0,4.0,1.0,0.0,0.8374999999999999,fuzzy_match
7020,Salah-Eddine,Roma,D,4,4,0,7,2.0,5.5,6.0,0.0,0.0,0.0,0.0,1.0,0.0,0.0,0.0,1.0,3.0,153.0,6.5,0.3243,0.0697526,1.0,2.0,0.0,1.0,86.41975308641975,1.0,1.0,0.0,0.0,0.9099999999999999,fuzzy_match
2279,Romagna,Sassuolo,D,4,4,0,9,,,,,,,,,,,0.0,0.0,1.0,90.0,6.0,0.0,0.00559708,0.0,0.0,0.0,0.0,92.85714285714286,1.0,2.0,0.0,0.0,0.7979999999999999,fuzzy_match
6426,Pedersen,Torino,D,4,4,0,9,23.0,5.61,5.54,0.0,0.0,0.0,0.0,0.0,3.0,0.0,0.0,0.0,29.0,1377.0,6.52,0.5394,0.37444988,3.0,8.0,7.0,11.0,77.9291553133515,13.0,13.0,3.0,0.0,0.84,fuzzy_match
6631,Ghilardi,Roma,D,4,4,0,13,24.0,5.73,5.54,0.0,0.0,0.0,0.0,0.0,7.0,1.0,0.0,0.0,24.0,2031.0,6.9,0.5698,0.41473153,4.0,12.0,2.0,3.0,80.67885117493474,44.0,30.0,7.0,1.0,0.6565,fuzzy_match
6957,Valentini N.,Verona,D,4,4,0,9,14.0,5.61,5.43,0.0,0.0,0.0,0.0,0.0,3.0,1.0,0.0,0.0,14.0,1132.0,7.04,0.3305,0.38842085,0.0,8.0,2.0,0.0,68.43267108167771,35.0,15.0,4.0,1.0,0.6915,fuzzy_match
5994,Ebosse,Verona,D,4,4,0,11,2.0,5.5,5.25,0.0,0.0,0.0,0.0,0.0,1.0,0.0,0.0,0.0,2.0,90.0,6.85,0.0,0.0101645,0.0,0.0,1.0,0.0,86.79245283018868,0.0,1.0,1.0,0.0,0.6345,fuzzy_match
6869,Ramon,Como,D,4,4,0,13,,,,,,,,,,,0.0,0.0,1.0,90.0,7.6,0.1215,0.0124225,0.0,2.0,2.0,0.0,93.24324324324324,4.0,2.0,0.0,0.0,0.6789999999999999,fuzzy_match
5532,Bradaric,Verona,D,4,4,0,8,27.0,5.72,5.72,1.0,0.0,0.0,0.0,0.0,6.0,0.0,,,,,,,,,,,,,,,,,,
7202,Ndiaye,Parma,D,4,4,0,10,,,,,,,,,,,,,,,,,,,,,,,,,,,,
6537,Goglichidze,Udinese,D,4,4,0,10,33.0,5.76,5.71,0.0,0.0,0.0,0.0,1.0,3.0,1.0,0.0,1.0,33.0,2546.0,6.61,0.3026,0.21598209,0.0,6.0,4.0,1.0,78.38427947598254,64.0,33.0,3.0,1.0,0.7044999999999999,fuzzy_match
7212,Heggem,Bologna,D,4,4,0,11,,,,,,,,,,,,,,,,,,,,,,,,,,,,
7220,Belghali,Verona,D,4,4,0,12,,,,,,,,,,,0.0,0.0,24.0,2031.0,6.9,0.5698,0.41473153,4.0,12.0,2.0,3.0,80.67885117493474,44.0,30.0,7.0,1.0,0.6074999999999999,fuzzy_match
6832,Palestra,Atalanta,D,3,3,0,8,3.0,6.0,6.0,0.0,0.0,0.0,0.0,0.0,0.0,0.0,0.0,0.0,9.0,218.0,6.73,0.0,0.50670058,0.0,0.0,4.0,5.0,83.33333333333334,6.0,2.0,0.0,0.0,0.861,fuzzy_match
7125,Idrissi R.,Cagliari,D,3,3,0,7,,,,,,,,,,,0.0,0.0,1.0,16.0,6.6,0.0,0.00020939,0.0,0.0,0.0,0.0,62.5,0.0,0.0,0.0,0.0,0.677,fuzzy_match
5435,Moreno Alb.,Como,D,3,3,0,7,23.0,5.96,5.87,0.0,0.0,0.0,0.0,0.0,4.0,0.0,0.0,0.0,8.0,267.0,6.43,0.0,0.21557063,0.0,0.0,1.0,1.0,77.77777777777779,9.0,1.0,3.0,0.0,0.749,fuzzy_match
612,Bianchetti,Cremonese,D,3,3,0,4,,,,,,,,,,,0.0,0.0,1.0,83.0,6.6,0.0,0.00156946,0.0,0.0,0.0,0.0,85.36585365853658,3.0,3.0,0.0,0.0,0.868,fuzzy_match
6013,Barbieri,Cremonese,D,3,3,0,8,,,,,,,,,,,0.0,0.0,1.0,83.0,6.6,0.0,0.00156946,0.0,0.0,0.0,0.0,85.36585365853658,3.0,3.0,0.0,0.0,0.63,fuzzy_match
7069,Fortini,Fiorentina,D,3,3,0,5,,,,,,,,,,,2.0,0.0,26.0,1112.0,6.77,0.4556,0.94353647,5.0,9.0,10.0,5.0,80.0982800982801,27.0,17.0,3.0,0.0,0.6859999999999999,fuzzy_match
6660,Marcandalli,Genoa,D,3,3,0,2,8.0,5.88,5.75,0.0,0.0,0.0,0.0,0.0,2.0,0.0,0.0,0.0,2.0,46.0,6.4,0.0,0.00205171,0.0,0.0,0.0,0.0,60.0,1.0,0.0,0.0,0.0,0.819,fuzzy_match
6245,Vogliacco,Genoa,D,3,3,0,5,20.0,5.7,5.78,2.0,0.0,0.0,0.0,0.0,5.0,0.0,2.0,0.0,12.0,713.0,6.68,1.3311,0.20492797,2.0,5.0,0.0,4.0,79.87220447284345,15.0,9.0,3.0,0.0,0.7839999999999999,fuzzy_match
6814,Norton-Cuffy,Genoa,D,3,3,0,11,10.0,5.7,5.7,0.0,0.0,0.0,0.0,0.0,0.0,0.0,0.0,0.0,14.0,721.0,6.52,0.259,0.12703191,2.0,5.0,7.0,1.0,79.90867579908677,12.0,3.0,0.0,0.0,0.8889999999999999,fuzzy_match
294,Rugani,Juventus,D,3,3,0,5,0.0,0.0,0.0,0.0,0.0,0.0,0.0,0.0,0.0,0.0,2.0,0.0,17.0,1194.0,6.9,1.6223,0.09991029,2.0,8.0,0.0,0.0,88.94154818325435,11.0,9.0,2.0,0.0,0.7699999999999999,fuzzy_match
6802,Savona,Juventus,D,3,3,0,9,27.0,5.89,6.02,2.0,0.0,0.0,0.0,0.0,5.0,0.0,2.0,1.0,28.0,1726.0,6.82,0.4545,0.9030276,4.0,6.0,6.0,11.0,91.49159663865547,29.0,11.0,5.0,0.0,0.7909999999999999,fuzzy_match
7012,Provstgaard,Lazio,D,3,3,0,5,1.0,6.5,6.5,0.0,0.0,0.0,0.0,0.0,1.0,0.0,0.0,0.0,2.0,33.0,6.55,0.0,0.00465178,0.0,0.0,0.0,0.0,88.23529411764706,0.0,1.0,1.0,0.0,0.8819999999999999,fuzzy_match
2728,Pellegrini Lu.,Lazio,D,3,3,0,8,19.0,6.08,6.11,0.0,0.0,0.0,0.0,3.0,5.0,0.0,0.0,4.0,22.0,1074.0,6.91,0.6594,1.6307403,4.0,13.0,11.0,23.0,81.1787072243346,23.0,19.0,5.0,0.0,0.8329999999999999,fuzzy_match
140,Hysaj,Lazio,D,3,3,0,6,8.0,5.88,6.12,0.0,0.0,0.0,0.0,3.0,0.0,1.0,0.0,3.0,11.0,422.0,7.06,0.1654,1.12642054,0.0,2.0,3.0,6.0,83.72093023255815,11.0,5.0,1.0,1.0,0.763,fuzzy_match
6883,Jean,Lecce,D,3,3,0,3,18.0,5.75,5.75,0.0,0.0,0.0,0.0,0.0,0.0,0.0,0.0,0.0,19.0,1387.0,6.63,0.0525,0.11930093,1.0,1.0,2.0,1.0,84.53364817001182,14.0,9.0,0.0,0.0,0.7839999999999999,fuzzy_match
6496,Bartesaghi,Milan,D,3,3,0,5,3.0,5.33,5.0,0.0,0.0,0.0,0.0,0.0,0.0,1.0,0.0,0.0,4.0,123.0,6.45,0.0117,0.21087538,1.0,1.0,0.0,3.0,95.08196721311475,4.0,3.0,0.0,1.0,0.868,fuzzy_match
6809,Marianucci,Napoli,D,3,3,0,9,13.0,5.81,5.73,0.0,0.0,0.0,0.0,0.0,0.0,1.0,0.0,0.0,18.0,1068.0,6.76,0.4901,0.23121098,2.0,8.0,5.0,1.0,78.75288683602771,28.0,19.0,0.0,1.0,0.8274999999999999,fuzzy_match
256,Juan Jesus,Napoli,D,3,3,0,14,13.0,5.81,5.81,0.0,0.0,0.0,0.0,1.0,2.0,0.0,0.0,1.0,15.0,1075.0,6.89,0.3383,0.14018814,0.0,3.0,0.0,0.0,89.74056603773585,25.0,9.0,2.0,0.0,1.05,fuzzy_match
5527,Zanoli,Napoli,D,3,3,0,8,27.0,5.91,5.96,1.0,0.0,0.0,0.0,0.0,3.0,0.0,0.0,2.0,32.0,2371.0,7.03,1.1357,0.83287199,2.0,16.0,5.0,5.0,85.91040462427746,63.0,28.0,4.0,0.0,0.616,fuzzy_match
5481,Mazzocchi,Napoli,D,3,3,0,5,10.0,5.7,5.65,0.0,0.0,0.0,0.0,0.0,2.0,0.0,0.0,0.0,20.0,735.0,6.65,0.2693,0.5513119,1.0,3.0,10.0,3.0,83.96624472573839,15.0,5.0,2.0,0.0,0.719,fuzzy_match
5353,Balogh,Parma,D,3,3,0,7,27.0,5.78,5.72,0.0,0.0,0.0,0.0,1.0,5.0,0.0,0.0,1.0,29.0,2053.0,6.82,0.4299,0.25734941,0.0,3.0,0.0,0.0,89.55067920585162,36.0,25.0,5.0,0.0,0.7909999999999999,fuzzy_match
7139,Canestrelli,Pisa,D,3,3,0,12,,,,,,,,,,,0.0,0.0,1.0,90.0,7.1,0.0,0.0159949,0.0,0.0,0.0,0.0,77.14285714285715,2.0,1.0,0.0,0.0,0.8819999999999999,fuzzy_match
2745,Calabresi,Pisa,D,3,3,0,8,,,,,,,,,,,0.0,0.0,1.0,13.0,6.6,0.0,3.024e-05,0.0,0.0,0.0,0.0,50.0,0.0,0.0,0.0,0.0,0.854,fuzzy_match
4807,Hermoso,Roma,D,3,3,0,8,4.0,5.12,4.88,0.0,0.0,0.0,0.0,0.0,0.0,1.0,0.0,0.0,8.0,255.0,6.49,0.0595,0.05422771,0.0,1.0,2.0,1.0,90.67357512953367,2.0,4.0,1.0,1.0,0.84,fuzzy_match
7154,Odenthal,Sassuolo,D,3,3,0,8,,,,,,,,,,,,,,,,,,,,,,,,,,,,
6041,Schuurs,Torino,D,3,3,0,5,0.0,0.0,0.0,0.0,0.0,0.0,0.0,0.0,0.0,0.0,1.0,0.0,9.0,771.0,6.91,0.7139,0.40614809,1.0,7.0,2.0,1.0,88.75,20.0,9.0,2.0,0.0,0.868,fuzzy_match
49,Masina,Torino,D,3,3,0,8,24.0,5.96,6.12,1.0,0.0,0.0,0.0,3.0,5.0,0.0,1.0,2.0,28.0,1926.0,6.9,0.7151,0.73558221,2.0,8.0,6.0,4.0,85.38775510204081,33.0,27.0,5.0,0.0,0.8469999999999999,fuzzy_match
4263,Kabasele,Udinese,D,3,3,0,6,16.0,5.84,6.22,2.0,0.0,0.0,0.0,0.0,0.0,0.0,2.0,0.0,16.0,1163.0,6.98,1.491,0.5278412,4.0,15.0,1.0,0.0,85.431654676259,17.0,14.0,0.0,0.0,0.7839999999999999,fuzzy_match
6211,Zemura,Udinese,D,3,3,0,8,21.0,5.81,6.0,1.0,0.0,0.0,0.0,2.0,2.0,0.0,1.0,2.0,23.0,1415.0,6.67,1.0259,1.43715112,3.0,14.0,20.0,12.0,78.70967741935485,31.0,16.0,2.0,0.0,0.7909999999999999,fuzzy_match
6900,Rui Modesto,Udinese,D,3,3,0,6,13.0,5.96,6.04,0.0,0.0,0.0,0.0,1.0,1.0,0.0,0.0,1.0,20.0,612.0,6.72,0.4975,0.49396414,2.0,3.0,3.0,7.0,77.19298245614034,16.0,8.0,1.0,0.0,0.95,fuzzy_match
6639,Frese,Verona,D,3,3,0,9,7.0,5.79,5.79,0.0,0.0,0.0,0.0,0.0,0.0,0.0,0.0,0.0,11.0,551.0,6.72,0.066,0.18561903,0.0,2.0,0.0,0.0,74.17840375586854,18.0,8.0,0.0,0.0,0.6705,fuzzy_match
6444,Bonfanti,Atalanta,D,2,2,0,5,,,,,,,,,,,0.0,0.0,2.0,89.0,6.7,0.0859,0.02726087,0.0,1.0,1.0,1.0,80.76923076923077,4.0,1.0,0.0,0.0,0.7979999999999999,fuzzy_match
5406,Di Pardo,Cagliari,D,2,2,0,4,0.0,0.0,0.0,0.0,0.0,0.0,0.0,0.0,0.0,0.0,0.0,0.0,15.0,373.0,6.35,0.0853,0.21252233,0.0,3.0,1.0,4.0,71.09375,4.0,5.0,0.0,0.0,0.663,fuzzy_match
7014,Smolcic I.,Como,D,2,2,0,5,8.0,5.81,5.75,0.0,0.0,0.0,0.0,0.0,2.0,0.0,0.0,0.0,9.0,635.0,6.81,0.4401,0.14144106,3.0,7.0,0.0,0.0,85.8433734939759,16.0,10.0,2.0,0.0,0.6649999999999999,fuzzy_match
6944,Jack,Como,D,2,2,0,4,1.0,5.0,4.5,0.0,0.0,0.0,0.0,0.0,1.0,0.0,0.0,0.0,7.0,170.0,6.68,0.0,0.0455216,0.0,0.0,0.0,0.0,79.56989247311827,9.0,4.0,2.0,0.0,0.7,fuzzy_match
6977,Otoa,Genoa,D,2,2,0,3,3.0,5.17,4.67,0.0,0.0,0.0,0.0,0.0,1.0,1.0,0.0,0.0,3.0,180.0,5.6,0.0,0.00628728,0.0,0.0,0.0,0.0,87.3015873015873,1.0,3.0,1.0,1.0,0.658,fuzzy_match
5812,Terracciano F.,Cremonese,D,2,2,0,13,7.0,5.71,5.57,0.0,0.0,0.0,0.0,0.0,3.0,0.0,0.0,0.0,13.0,550.0,6.62,0.165,0.0802636,1.0,3.0,0.0,1.0,89.68609865470853,9.0,6.0,3.0,0.0,0.6415,fuzzy_match
6965,Lovik,Parma,D,2,2,0,11,4.0,5.75,5.75,0.0,0.0,0.0,0.0,0.0,0.0,0.0,1.0,0.0,20.0,1557.0,6.78,0.2692,0.15801439,2.0,7.0,0.0,1.0,84.67153284671532,17.0,13.0,5.0,1.0,0.63,fuzzy_match
7141,Rus,Pisa,D,2,2,0,3,,,,,,,,,,,,,,,,,,,,,,,,,,,,
6189,Missori,Sassuolo,D,2,2,0,5,,,,,,,,,,,0.0,0.0,8.0,270.0,6.56,0.2837,0.05415404,1.0,4.0,1.0,3.0,78.3132530120482,6.0,4.0,0.0,0.0,0.7979999999999999,fuzzy_match
7156,Pieragnolo,Sassuolo,D,2,2,0,4,,,,,,,,,,,0.0,0.0,26.0,1519.0,6.56,0.505,0.39680591,2.0,7.0,2.0,0.0,85.27245949926362,25.0,24.0,6.0,1.0,0.6509999999999999,fuzzy_match
7011,Slotsager,Verona,D,2,2,0,5,0.0,0.0,0.0,0.0,0.0,0.0,0.0,0.0,0.0,0.0,,,,,,,,,,,,,,,,,,
6992,Oyegoke,Verona,D,2,2,0,4,3.0,5.83,5.67,0.0,0.0,0.0,0.0,0.0,1.0,0.0,0.0,0.0,5.0,110.0,6.54,0.0318,0.0146755,0.0,1.0,2.0,0.0,81.48148148148148,2.0,1.0,1.0,0.0,0.7264999999999999,fuzzy_match
7196,Denoon,Pisa,D,2,2,0,4,,,,,,,,,,,0.0,0.0,1.0,78.0,6.4,0.0,0.00048182,0.0,0.0,0.0,0.0,84.21052631578947,3.0,0.0,0.0,0.0,0.7909999999999999,fuzzy_match
6551,Ilic M.,Bologna,D,1,1,0,2,0.0,0.0,0.0,0.0,0.0,0.0,0.0,0.0,0.0,0.0,1.0,1.0,21.0,1137.0,6.94,0.5734,0.91182218,3.0,10.0,10.0,12.0,79.21847246891652,34.0,10.0,3.0,0.0,0.7,fuzzy_match
2847,Sernicola,Cremonese,D,1,1,0,2,,,,,,,,,,,2.0,2.0,32.0,2317.0,6.8,1.3455,2.21362819,6.0,25.0,24.0,35.0,72.62830482115086,45.0,38.0,11.0,0.0,0.719,fuzzy_match
6803,Rouhi,Juventus,D,1,1,0,4,4.0,5.62,5.62,0.0,0.0,0.0,0.0,0.0,0.0,0.0,0.0,0.0,5.0,208.0,6.36,0.0,0.02266032,0.0,0.0,2.0,0.0,78.83211678832117,4.0,3.0,0.0,0.0,0.7839999999999999,fuzzy_match
6989,Tiago Gabriel,Lecce,D,1,1,0,2,2.0,6.25,6.25,0.0,0.0,0.0,0.0,0.0,0.0,0.0,0.0,0.0,2.0,94.0,7.05,0.0,0.04097142,0.0,0.0,0.0,0.0,87.5,0.0,0.0,0.0,0.0,1.05,fuzzy_match
7164,Perez M.,Lecce,D,1,1,0,1,,,,,,,,,,,,,,,,,,,,,,,,,,,,
6990,Veiga D.,Lecce,D,1,1,0,8,11.0,5.73,5.73,0.0,0.0,0.0,0.0,0.0,0.0,0.0,0.0,0.0,13.0,375.0,6.62,0.6164,0.19667682,0.0,5.0,6.0,3.0,70.08547008547008,8.0,4.0,0.0,0.0,0.7,fuzzy_match
7182,Ndaba,Lecce,D,1,1,0,2,,,,,,,,,,,0.0,0.0,19.0,1387.0,6.63,0.0525,0.11930093,1.0,1.0,2.0,1.0,84.53364817001182,14.0,9.0,0.0,0.0,0.6509999999999999,fuzzy_match
7140,Coppola F.,Pisa,D,1,1,0,4,,,,,,,,,,,,,,,,,,,,,,,,,,,,
7170,Mbambi,Pisa,D,1,1,0,2,,,,,,,,,,,,,,,,,,,,,,,,,,,,
7142,Esteves T.,Pisa,D,1,1,0,2,,,,,,,,,,,0.0,0.0,1.0,90.0,7.1,0.0,0.0159949,0.0,0.0,0.0,0.0,77.14285714285715,2.0,1.0,0.0,0.0,0.602,fuzzy_match
6431,Paz Y.,Sassuolo,D,1,1,0,5,,,,,,,,,,,,,,,,,,,,,,,,,,,,
6826,Dembelè A.,Torino,D,1,1,0,3,9.0,5.67,5.89,1.0,0.0,0.0,0.0,0.0,0.0,1.0,1.0,0.0,15.0,402.0,6.48,0.3544,0.07551208,2.0,5.0,2.0,1.0,78.35820895522389,9.0,1.0,2.0,1.0,0.649,fuzzy_match
6925,Palma,Udinese,D,1,1,0,7,,,,,,,,,,,0.0,0.0,1.0,8.0,6.8,0.0,0.00030336,0.0,0.0,0.0,0.0,83.33333333333334,0.0,0.0,0.0,0.0,0.763,fuzzy_match
2167,Orsolini,Bologna,C,30,30,0,218,29.0,6.53,8.19,15.0,0.0,0.0,3.0,4.0,2.0,0.0,15.0,4.0,30.0,1885.0,7.25,9.9735,2.85039575,28.0,75.0,33.0,18.0,70.87719298245614,16.0,8.0,2.0,0.0,0.7979999999999999,fuzzy_match
2423,Pulisic,Milan,C,28,28,0,214,34.0,6.38,7.49,11.0,0.0,0.0,4.0,8.0,1.0,0.0,11.0,9.0,34.0,2489.0,7.28,11.9588,6.25750075,24.0,57.0,39.0,27.0,83.54700854700855,43.0,5.0,1.0,0.0,0.644,fuzzy_match
632,Zaccagni,Lazio,C,26,26,0,202,34.0,6.28,7.01,8.0,0.0,0.0,2.0,6.0,10.0,0.0,8.0,6.0,34.0,2705.0,7.34,6.2929,4.05448811,17.0,48.0,44.0,30.0,84.89208633093526,38.0,29.0,10.0,0.0,0.84,fuzzy_match
4777,McTominay,Napoli,C,26,26,0,205,34.0,6.56,7.66,12.0,0.0,0.0,0.0,3.0,3.0,0.0,12.0,4.0,34.0,2941.0,7.27,7.4422,1.69139987,33.0,76.0,39.0,1.0,85.11576626240353,43.0,24.0,3.0,0.0,0.8749999999999999,fuzzy_match
5800,Gudmundsson A.,Fiorentina,C,24,24,0,174,21.0,6.12,6.98,6.0,0.0,0.0,2.0,1.0,2.0,0.0,6.0,1.0,24.0,1285.0,6.9,4.5065,0.95566372,15.0,27.0,15.0,3.0,86.80851063829788,9.0,6.0,2.0,0.0,0.6839999999999999,fuzzy_match
2194,Calhanoglu,Inter,C,23,23,0,151,28.0,6.34,6.89,5.0,0.0,0.0,4.0,6.0,5.0,0.0,5.0,6.0,29.0,1961.0,7.41,4.4036,5.59656364,15.0,46.0,3.0,53.0,90.19859064702113,43.0,18.0,5.0,0.0,0.7839999999999999,fuzzy_match
2517,De Bruyne,Napoli,C,23,23,0,150,,,,,,,,,,,1.0,0.0,1.0,90.0,7.8,0.1881,0.337377,1.0,3.0,0.0,0.0,86.4406779661017,0.0,1.0,0.0,0.0,0.8749999999999999,fuzzy_match
6875,Paz N.,Como,C,20,20,0,132,33.0,6.38,6.95,6.0,0.0,0.0,1.0,7.0,6.0,0.0,6.0,8.0,35.0,2699.0,7.23,9.2632,3.85749715,39.0,110.0,69.0,9.0,83.41836734693877,51.0,21.0,6.0,0.0,0.6509999999999999,fuzzy_match
6884,Conceicao,Juventus,C,18,18,0,88,25.0,6.12,6.5,3.0,0.0,0.0,0.0,3.0,3.0,1.0,3.0,3.0,26.0,1342.0,6.94,2.3178,4.42589325,13.0,40.0,35.0,15.0,85.20084566596195,23.0,6.0,4.0,1.0,0.7,fuzzy_match
2765,Odgaard,Bologna,C,16,16,0,76,28.0,6.14,6.84,6.0,0.0,0.0,0.0,2.0,1.0,0.0,6.0,1.0,29.0,1975.0,6.85,3.6202,1.44607339,22.0,49.0,15.0,7.0,77.94432548179871,20.0,9.0,1.0,0.0,0.868,fuzzy_match
5562,Thuram K.,Juventus,C,16,16,0,63,33.0,6.3,6.74,4.0,0.0,0.0,0.0,5.0,5.0,0.0,4.0,5.0,35.0,2337.0,7.05,3.4811,1.757758,11.0,36.0,39.0,1.0,89.40058479532163,44.0,14.0,5.0,0.0,0.7,fuzzy_match
2670,Bailey,Roma,C,16,16,0,57,,,,,,,,,,,0.0,0.0,1.0,30.0,6.7,0.0,0.0193529,0.0,0.0,0.0,0.0,80.0,0.0,1.0,0.0,0.0,0.616,fuzzy_match
5792,Ederson D.S.,Atalanta,C,15,15,0,54,36.0,6.17,6.49,4.0,0.0,0.0,0.0,2.0,3.0,1.0,4.0,1.0,37.0,2888.0,7.16,4.0729,4.82895051,12.0,39.0,23.0,10.0,87.21532091097308,52.0,35.0,4.0,1.0,0.7909999999999999,fuzzy_match
4220,Zambo Anguissa,Napoli,C,15,15,0,56,35.0,6.41,6.97,6.0,0.0,0.0,0.0,4.0,5.0,0.0,6.0,4.0,35.0,2857.0,7.07,4.4472,2.64911219,13.0,44.0,25.0,3.0,85.4915254237288,42.0,35.0,5.0,0.0,0.8469999999999999,fuzzy_match
536,Politano,Napoli,C,15,15,0,66,37.0,6.11,6.42,3.0,0.0,0.0,0.0,4.0,3.0,0.0,3.0,4.0,37.0,2828.0,7.06,3.0706,5.24262958,14.0,56.0,32.0,51.0,80.18018018018019,29.0,13.0,3.0,0.0,0.74,fuzzy_match
5687,Vlasic,Torino,C,15,15,0,46,30.0,6.07,6.67,5.0,0.0,0.0,2.0,3.0,0.0,0.0,5.0,4.0,30.0,2128.0,6.93,3.4435,1.99406736,12.0,32.0,24.0,5.0,82.28882833787466,37.0,9.0,0.0,0.0,0.644,fuzzy_match
1933,Mandragora,Fiorentina,C,14,14,0,30,27.0,6.19,6.67,4.0,0.0,0.0,1.0,4.0,7.0,0.0,4.0,3.0,29.0,1913.0,7.07,2.6599,2.72715995,15.0,38.0,7.0,16.0,80.02283105022832,23.0,17.0,7.0,0.0,0.8469999999999999,fuzzy_match
1870,Barella,Inter,C,14,14,0,58,33.0,6.26,6.65,3.0,0.0,0.0,0.0,6.0,4.0,0.0,3.0,6.0,33.0,2526.0,7.19,2.1758,5.14572933,9.0,43.0,23.0,17.0,85.13119533527697,50.0,12.0,4.0,0.0,0.819,fuzzy_match
2848,Frattesi,Inter,C,14,14,0,47,23.0,6.02,6.72,5.0,0.0,0.0,0.0,1.0,1.0,0.0,5.0,1.0,28.0,1194.0,6.83,4.0985,0.81832199,8.0,28.0,7.0,1.0,84.39306358381504,17.0,5.0,1.0,0.0,0.84,fuzzy_match
5685,Koopmeiners,Juventus,C,14,14,0,35,28.0,5.98,6.39,3.0,0.0,0.0,0.0,4.0,3.0,0.0,3.0,3.0,28.0,1997.0,7.04,3.7789,3.78451274,11.0,42.0,10.0,28.0,87.76009791921665,32.0,8.0,3.0,0.0,0.9169999999999999,fuzzy_match
6398,Isaksen,Lazio,C,14,14,0,41,37.0,6.05,6.34,4.0,0.0,0.0,0.0,1.0,5.0,0.0,4.0,2.0,37.0,2226.0,6.88,5.1259,2.76217782,25.0,54.0,44.0,29.0,84.9925705794948,16.0,10.0,5.0,0.0,0.819,fuzzy_match
5589,Konè M.,Roma,C,14,14,0,41,33.0,6.26,6.38,2.0,0.0,0.0,0.0,1.0,6.0,0.0,2.0,1.0,34.0,2582.0,6.91,3.3416,1.56057061,9.0,34.0,30.0,1.0,91.32492113564669,41.0,24.0,6.0,0.0,0.616,fuzzy_match
6844,Rowe,Bologna,C,14,14,0,51,,,,,,,,,,,1.0,2.0,37.0,3214.0,6.96,1.2665,1.59962431,4.0,17.0,5.0,5.0,88.53838065194533,79.0,38.0,6.0,0.0,0.616,fuzzy_match
6831,Neres,Napoli,C,13,13,0,37,25.0,6.32,6.72,2.0,0.0,0.0,0.0,5.0,2.0,0.0,2.0,4.0,28.0,1294.0,6.92,2.6861,3.18623177,7.0,29.0,33.0,23.0,86.06194690265487,21.0,7.0,2.0,0.0,0.6839999999999999,fuzzy_match
6984,Ondrejka,Parma,C,13,13,0,15,10.0,6.35,7.85,5.0,0.0,0.0,0.0,0.0,0.0,0.0,5.0,0.0,12.0,428.0,7.23,1.2841,1.14001093,10.0,14.0,6.0,5.0,80.9090909090909,12.0,7.0,0.0,0.0,0.861,fuzzy_match
7203,Jashari,Milan,C,13,13,0,36,,,,,,,,,,,0.0,0.0,1.0,17.0,6.9,0.0165,0.006937,0.0,1.0,0.0,0.0,95.0,1.0,0.0,0.0,0.0,0.84,fuzzy_match
22,De Roon,Atalanta,C,12,12,0,33,36.0,6.15,6.53,4.0,0.0,0.0,0.0,4.0,5.0,0.0,4.0,1.0,37.0,2888.0,7.16,4.0729,4.82895051,12.0,39.0,23.0,10.0,87.21532091097308,52.0,35.0,4.0,1.0,0.8469999999999999,fuzzy_match
5119,Samardzic,Atalanta,C,12,12,0,31,28.0,6.09,6.25,2.0,0.0,0.0,0.0,0.0,3.0,0.0,2.0,1.0,31.0,1149.0,6.94,2.0516,4.0384593,13.0,33.0,27.0,15.0,83.5725677830941,21.0,2.0,3.0,0.0,0.7559999999999999,fuzzy_match
5036,Caqueret,Como,C,12,12,0,19,16.0,6.34,6.78,2.0,0.0,0.0,0.0,3.0,4.0,0.0,2.0,3.0,18.0,1097.0,6.91,0.8342,1.0756323,3.0,8.0,14.0,2.0,85.58394160583941,36.0,7.0,4.0,0.0,0.819,fuzzy_match
5559,Da Cunha,Como,C,12,12,0,33,35.0,6.1,6.36,3.0,0.0,0.0,0.0,2.0,4.0,0.0,3.0,2.0,36.0,2625.0,7.13,2.004,4.65386544,14.0,37.0,12.0,35.0,87.86926461345065,45.0,17.0,4.0,0.0,0.861,fuzzy_match
7133,Vandeputte,Cremonese,C,12,12,0,36,,,,,,,,,,,0.0,0.0,1.0,56.0,6.5,0.0,0.033471,0.0,0.0,0.0,2.0,72.72727272727273,1.0,0.0,0.0,0.0,0.9099999999999999,fuzzy_match
6722,Gronbaek,Genoa,C,12,12,0,36,,,,,,,,,,,0.0,0.0,1.0,60.0,7.0,0.0,0.0799859,0.0,0.0,2.0,0.0,75.0,0.0,0.0,0.0,0.0,0.6649999999999999,fuzzy_match
827,Locatelli,Juventus,C,12,12,0,50,35.0,6.19,6.26,2.0,0.0,0.0,1.0,1.0,9.0,0.0,2.0,2.0,36.0,2840.0,7.25,1.8455,2.72919974,9.0,25.0,8.0,6.0,88.74476987447699,72.0,23.0,9.0,0.0,0.854,fuzzy_match
4892,Saelemaekers,Milan,C,12,12,0,35,22.0,6.39,7.36,7.0,0.0,0.0,0.0,3.0,5.0,0.0,0.0,0.0,1.0,90.0,7.5,0.0,0.293165,0.0,0.0,0.0,4.0,91.66666666666666,1.0,1.0,1.0,0.0,0.8889999999999999,fuzzy_match
2606,Modric,Milan,C,12,12,0,40,,,,,,,,,,,0.0,0.0,1.0,74.0,7.5,0.0572,0.144339,1.0,2.0,0.0,2.0,90.78947368421053,1.0,1.0,0.0,0.0,0.763,fuzzy_match
5319,Sohm,Fiorentina,C,12,12,0,34,37.0,6.03,6.26,4.0,0.0,0.0,0.0,0.0,7.0,0.0,,,,,,,,,,,,,,,,,,
5318,Tramoni M.,Pisa,C,12,12,0,42,,,,,,,,,,,0.0,0.0,1.0,61.0,6.6,0.0337,0.0686277,1.0,1.0,0.0,1.0,91.66666666666666,0.0,0.0,0.0,0.0,0.6559999999999999,fuzzy_match
5888,Casadei,Torino,C,12,12,0,30,15.0,6.03,6.27,1.0,0.0,0.0,0.0,1.0,1.0,0.0,1.0,1.0,15.0,1023.0,6.93,1.1685,0.40000876,7.0,14.0,7.0,1.0,79.70297029702971,12.0,5.0,1.0,0.0,0.819,fuzzy_match
788,Freuler,Bologna,C,11,11,0,23,37.0,6.19,6.22,1.0,0.0,0.0,0.0,1.0,6.0,0.0,1.0,2.0,37.0,3214.0,6.96,1.2665,1.59962431,4.0,17.0,5.0,5.0,88.53838065194533,79.0,38.0,6.0,0.0,0.868,fuzzy_match
5858,Ferguson,Bologna,C,11,11,0,23,14.0,6.11,6.39,1.0,0.0,0.0,1.0,1.0,0.0,0.0,1.0,1.0,16.0,985.0,6.95,0.9578,0.76948125,2.0,6.0,5.0,2.0,88.88888888888889,24.0,5.0,0.0,0.0,0.861,fuzzy_match
6010,Fazzini,Fiorentina,C,11,11,0,22,20.0,6.42,6.98,4.0,0.0,0.0,0.0,1.0,2.0,1.0,4.0,6.0,26.0,1276.0,7.05,1.0342,2.2495682,5.0,14.0,12.0,14.0,85.66176470588235,32.0,6.0,2.0,1.0,0.658,fuzzy_match
6106,Carboni V.,Genoa,C,11,11,0,29,,,,,,,,,,,0.0,0.0,1.0,73.0,7.3,0.1268,0.00530144,1.0,1.0,2.0,0.0,61.111111111111114,2.0,0.0,0.0,0.0,0.728,fuzzy_match
4186,Guendouzi,Lazio,C,11,11,0,23,37.0,6.04,6.07,1.0,0.0,0.0,0.0,2.0,8.0,0.0,1.0,3.0,37.0,3274.0,7.07,1.3405,2.78358982,9.0,27.0,15.0,5.0,90.59708509637989,37.0,32.0,8.0,0.0,0.854,fuzzy_match
6629,Dele-Bashiru,Lazio,C,11,11,0,31,17.0,6.06,6.65,3.0,0.0,0.0,0.0,1.0,0.0,0.0,3.0,1.0,20.0,953.0,6.76,1.0856,0.77566407,5.0,16.0,14.0,1.0,89.45868945868945,10.0,4.0,0.0,0.0,0.8889999999999999,fuzzy_match
4686,Fofana Y.,Milan,C,11,11,0,34,34.0,6.03,6.22,1.0,0.0,0.0,0.0,6.0,5.0,0.0,1.0,6.0,35.0,2509.0,6.89,1.3211,2.63185681,5.0,36.0,14.0,2.0,86.33496846531185,56.0,19.0,5.0,0.0,0.7,fuzzy_match
6666,Bernabè,Parma,C,11,11,0,36,19.0,6.29,6.47,1.0,0.0,0.0,0.0,1.0,1.0,0.0,1.0,1.0,21.0,1461.0,7.12,1.3457,1.51035705,5.0,27.0,15.0,6.0,85.69926393270242,29.0,7.0,1.0,0.0,0.749,fuzzy_match
530,Pellegrini Lo.,Roma,C,11,11,0,20,25.0,5.68,5.88,2.0,0.0,0.0,1.0,1.0,4.0,0.0,2.0,1.0,25.0,1632.0,6.86,4.8609,2.69380684,14.0,42.0,11.0,15.0,83.92554991539764,24.0,6.0,4.0,0.0,0.7839999999999999,fuzzy_match
2839,Sottil,Lecce,C,11,11,0,22,21.0,5.95,6.12,1.0,0.0,0.0,0.0,1.0,1.0,0.0,,,,,,,,,,,,,,,,,,
6206,Fabbian,Bologna,C,10,10,0,17,22.0,6.09,6.48,3.0,0.0,0.0,0.0,0.0,2.0,0.0,3.0,1.0,30.0,1023.0,6.57,2.3445,0.55829238,5.0,21.0,2.0,1.0,75.38461538461539,10.0,2.0,2.0,0.0,0.777,fuzzy_match
449,Vazquez,Cremonese,C,10,10,0,25,,,,,,,,,,,0.0,0.0,1.0,56.0,6.5,0.0,0.033471,0.0,0.0,0.0,2.0,72.72727272727273,1.0,0.0,0.0,0.0,0.602,fuzzy_match
4973,McKennie,Juventus,C,10,10,0,14,31.0,5.94,6.18,2.0,0.0,0.0,0.0,3.0,3.0,0.0,2.0,4.0,32.0,2320.0,6.96,2.7777,3.48168152,8.0,22.0,20.0,3.0,85.0597609561753,33.0,14.0,3.0,0.0,0.84,fuzzy_match
6549,Pierotti,Lecce,C,10,10,0,20,35.0,5.81,6.1,4.0,0.0,0.0,0.0,1.0,4.0,1.0,4.0,2.0,36.0,1947.0,6.71,3.0734,1.4029484,7.0,32.0,22.0,5.0,73.2843137254902,46.0,14.0,5.0,1.0,0.698,fuzzy_match
5453,Ricci S.,Milan,C,10,10,0,25,34.0,6.06,6.03,1.0,0.0,0.0,0.0,1.0,8.0,1.0,0.0,0.0,6.0,122.0,6.75,0.1741,0.46797538,0.0,2.0,1.0,2.0,86.36363636363636,1.0,0.0,0.0,0.0,0.714,fuzzy_match
6889,Anjorin,Torino,C,10,10,0,23,22.0,6.3,6.64,2.0,0.0,0.0,0.0,3.0,3.0,0.0,0.0,0.0,20.0,659.0,6.62,0.3867,0.70802025,3.0,7.0,4.0,2.0,87.93103448275862,5.0,10.0,3.0,0.0,0.63,fuzzy_match
6684,Ekkelenkamp,Udinese,C,10,10,0,21,33.0,5.97,6.27,3.0,0.0,0.0,0.0,2.0,2.0,0.0,3.0,2.0,34.0,1902.0,6.77,2.7945,1.23702042,9.0,27.0,10.0,4.0,81.02643856920683,36.0,12.0,2.0,0.0,0.8819999999999999,fuzzy_match
2077,Pasalic,Atalanta,C,9,9,0,28,33.0,5.91,6.14,3.0,0.0,0.0,1.0,2.0,1.0,0.0,3.0,4.0,34.0,1969.0,6.96,6.6299,2.22356093,12.0,46.0,5.0,3.0,88.21349147516679,26.0,12.0,1.0,0.0,0.7,fuzzy_match
4896,Maldini,Atalanta,C,9,9,0,24,27.0,6.02,6.59,6.0,0.0,0.0,0.0,0.0,5.0,0.0,3.0,0.0,10.0,257.0,6.84,1.8942,0.31900041,5.0,10.0,6.0,0.0,66.30434782608695,2.0,2.0,0.0,0.0,0.719,fuzzy_match
184,Bernardeschi,Bologna,C,9,9,0,22,,,,,,,,,,,0.0,0.0,1.0,11.0,6.6,0.1298,0.0167969,0.0,1.0,0.0,1.0,100.0,0.0,0.0,0.0,0.0,0.861,fuzzy_match
6252,Folorunsho,Cagliari,C,9,9,0,27,13.0,5.96,5.77,0.0,0.0,0.0,0.0,0.0,5.0,0.0,0.0,0.0,6.0,39.0,6.4,0.104,0.00795077,0.0,1.0,0.0,0.0,71.42857142857143,3.0,1.0,0.0,0.0,0.7044999999999999,fuzzy_match
7126,Baturina,Como,C,9,9,0,26,,,,,,,,,,,1.0,3.0,28.0,1667.0,6.92,1.7069,1.91851463,9.0,28.0,26.0,8.0,77.13717693836978,64.0,12.0,2.0,1.0,0.63,fuzzy_match
5791,Frendrup,Genoa,C,9,9,0,21,35.0,6.0,6.04,2.0,0.0,0.0,0.0,0.0,5.0,0.0,2.0,0.0,35.0,3107.0,6.97,1.6701,0.77636379,9.0,30.0,10.0,2.0,85.86515028432169,102.0,47.0,5.0,0.0,0.84,fuzzy_match
7070,Sucic P.,Inter,C,9,9,0,24,,,,,,,,,,,,,,,,,,,,,,,,,,,,
2529,Mkhitaryan,Inter,C,9,9,0,33,32.0,6.06,6.25,1.0,0.0,0.0,0.0,5.0,4.0,0.0,1.0,4.0,32.0,2410.0,7.06,1.4893,4.1265193,2.0,23.0,7.0,8.0,88.55218855218855,43.0,17.0,4.0,0.0,0.8469999999999999,fuzzy_match
6634,Tete Morente,Lecce,C,9,9,0,19,30.0,5.87,6.15,3.0,0.0,0.0,0.0,2.0,5.0,0.0,3.0,2.0,31.0,2029.0,6.88,2.6684,1.22731994,13.0,41.0,30.0,11.0,79.28902627511592,27.0,14.0,5.0,0.0,1.05,fuzzy_match
4287,Lobotka,Napoli,C,9,9,0,24,31.0,6.05,6.03,0.0,0.0,0.0,0.0,1.0,3.0,0.0,0.0,1.0,32.0,2647.0,7.01,0.3272,1.85619343,0.0,7.0,8.0,2.0,91.05413105413105,47.0,21.0,3.0,0.0,0.7559999999999999,fuzzy_match
779,Cristante,Roma,C,9,9,0,23,28.0,6.2,6.59,4.0,0.0,0.0,0.0,3.0,8.0,0.0,4.0,2.0,30.0,2047.0,7.03,2.109,1.30105196,7.0,30.0,6.0,2.0,83.50353495679497,48.0,19.0,8.0,0.0,0.8749999999999999,fuzzy_match
6271,El Aynaoui,Roma,C,9,9,0,24,,,,,,,,,,,0.0,0.0,1.0,30.0,6.7,0.0,0.0193529,0.0,0.0,0.0,0.0,80.0,0.0,1.0,0.0,0.0,0.9099999999999999,fuzzy_match
5850,Lovric,Udinese,C,9,9,0,24,35.0,5.96,6.11,2.0,0.0,0.0,0.0,2.0,5.0,0.0,2.0,3.0,36.0,2326.0,6.85,2.6541,2.42196578,12.0,49.0,21.0,17.0,85.1764705882353,46.0,22.0,5.0,0.0,0.742,fuzzy_match
6486,Suslov,Verona,C,9,9,0,14,31.0,5.84,5.76,0.0,0.0,0.0,0.0,1.0,5.0,1.0,0.0,1.0,31.0,2097.0,6.82,1.6073,1.737696,7.0,32.0,36.0,14.0,77.6824034334764,54.0,18.0,6.0,1.0,0.6265,fuzzy_match
4947,Brescianini,Atalanta,C,8,8,0,23,23.0,6.13,6.72,4.0,0.0,0.0,0.0,2.0,1.0,0.0,4.0,2.0,29.0,1010.0,6.73,3.128,0.73126921,8.0,20.0,8.0,2.0,82.57575757575758,18.0,2.0,1.0,0.0,0.9029999999999999,fuzzy_match
5298,Pobega,Bologna,C,8,8,0,22,20.0,6.05,6.25,2.0,0.0,0.0,0.0,2.0,4.0,2.0,2.0,2.0,21.0,1178.0,6.79,2.1183,0.82649255,8.0,24.0,3.0,3.0,83.6283185840708,33.0,14.0,5.0,2.0,0.7699999999999999,fuzzy_match
4364,Gaetano,Cagliari,C,8,8,0,17,27.0,6.04,6.41,2.0,0.0,0.0,0.0,4.0,0.0,0.0,2.0,4.0,28.0,1003.0,6.75,4.8947,2.28508647,6.0,30.0,14.0,7.0,75.15151515151514,11.0,6.0,0.0,0.0,0.777,fuzzy_match
6151,Perrone,Como,C,8,8,0,19,25.0,5.94,5.94,0.0,0.0,0.0,0.0,3.0,6.0,0.0,0.0,3.0,26.0,1859.0,6.92,0.8927,1.69313682,2.0,10.0,3.0,0.0,90.98422238918107,38.0,20.0,6.0,0.0,0.819,fuzzy_match
7132,Collocolo,Cremonese,C,8,8,0,23,,,,,,,,,,,0.0,0.0,1.0,90.0,6.5,0.0,0.00966589,0.0,0.0,1.0,0.0,92.5925925925926,0.0,0.0,0.0,0.0,0.8329999999999999,fuzzy_match
4465,Fagioli,Fiorentina,C,8,8,0,24,24.0,5.92,6.04,1.0,0.0,0.0,0.0,2.0,4.0,0.0,1.0,2.0,15.0,962.0,7.0,0.5601,1.97885435,4.0,10.0,10.0,5.0,87.47855917667239,19.0,5.0,0.0,0.0,0.819,fuzzy_match
4970,Messias,Genoa,C,8,8,0,18,16.0,6.0,6.03,1.0,0.0,0.0,1.0,1.0,1.0,0.0,1.0,1.0,17.0,851.0,6.72,2.3662,0.63055048,6.0,18.0,10.0,4.0,68.29268292682927,13.0,6.0,1.0,0.0,0.719,fuzzy_match
4427,Malinovskyi,Genoa,C,8,8,0,24,9.0,6.33,6.44,0.0,0.0,0.0,0.0,2.0,2.0,0.0,0.0,2.0,9.0,383.0,7.07,0.2372,0.70093794,3.0,9.0,3.0,2.0,81.63265306122449,12.0,1.0,2.0,0.0,0.8819999999999999,fuzzy_match
7135,Stanciu,Genoa,C,8,8,0,26,,,,,,,,,,,0.0,0.0,1.0,87.0,7.0,0.3427,0.02414,0.0,3.0,0.0,0.0,71.11111111111111,2.0,2.0,0.0,0.0,0.7979999999999999,fuzzy_match
4459,Rovella,Lazio,C,8,8,0,22,33.0,6.11,6.0,0.0,0.0,0.0,0.0,3.0,13.0,0.0,0.0,3.0,33.0,2728.0,7.12,1.547,2.11638061,8.0,28.0,18.0,7.0,91.03006407097092,84.0,47.0,13.0,0.0,0.819,fuzzy_match
5872,Helgason,Lecce,C,8,8,0,18,17.0,6.03,6.26,0.0,0.0,0.0,0.0,4.0,0.0,0.0,0.0,4.0,21.0,1157.0,6.82,1.1619,0.94367852,5.0,16.0,8.0,18.0,73.20872274143302,10.0,6.0,0.0,0.0,0.735,fuzzy_match
4199,Loftus-Cheek,Milan,C,8,8,0,21,18.0,5.86,5.78,0.0,0.0,0.0,0.0,0.0,3.0,0.0,0.0,0.0,19.0,1031.0,6.87,0.7044,0.86711908,2.0,9.0,11.0,2.0,90.5857740585774,19.0,3.0,3.0,0.0,0.9099999999999999,fuzzy_match
795,El Shaarawy,Roma,C,8,8,0,19,21.0,6.19,6.71,3.0,0.0,0.0,0.0,3.0,2.0,0.0,3.0,4.0,31.0,1110.0,6.86,2.4526,1.96296086,12.0,28.0,17.0,5.0,82.3943661971831,16.0,10.0,2.0,0.0,0.761,fuzzy_match
5823,Baldanzi,Roma,C,8,8,0,16,21.0,6.0,6.14,1.0,0.0,0.0,0.0,1.0,2.0,0.0,1.0,1.0,31.0,848.0,6.68,1.4373,0.84413881,4.0,20.0,17.0,2.0,85.17441860465115,12.0,6.0,2.0,0.0,0.819,fuzzy_match
5844,Thorstvedt,Sassuolo,C,8,8,0,22,,,,,,,,,,,6.0,1.0,34.0,2413.0,6.9,4.3572,1.6099173,15.0,42.0,15.0,5.0,74.07797681770283,40.0,21.0,7.0,0.0,0.8329999999999999,fuzzy_match
2274,Valoti,Cremonese,C,7,7,0,9,1.0,6.0,5.5,0.0,0.0,0.0,0.0,0.0,1.0,0.0,0.0,0.0,5.0,48.0,6.5,0.0,0.00358183,0.0,0.0,0.0,0.0,63.1578947368421,3.0,0.0,1.0,0.0,0.6485,fuzzy_match
5301,Luis Henrique,Inter,C,7,7,0,14,,,,,,,,,,,7.0,2.0,29.0,1951.0,7.03,5.3045,2.76752062,19.0,36.0,13.0,14.0,76.6773162939297,25.0,6.0,4.0,0.0,0.602,fuzzy_match
5504,Coulibaly L.,Lecce,C,7,7,0,14,37.0,5.96,6.0,1.0,0.0,0.0,0.0,0.0,3.0,0.0,1.0,0.0,38.0,2678.0,6.72,0.8305,0.61951575,3.0,9.0,18.0,0.0,82.4468085106383,48.0,18.0,3.0,0.0,0.7839999999999999,fuzzy_match
5131,Gilmour,Napoli,C,7,7,0,12,17.0,6.0,6.06,0.0,0.0,0.0,0.0,1.0,0.0,0.0,0.0,1.0,26.0,1178.0,6.96,0.5056,1.90499633,1.0,9.0,5.0,9.0,89.3018018018018,24.0,9.0,0.0,0.0,0.84,fuzzy_match
4423,Hernani,Parma,C,7,7,0,18,25.0,6.08,6.42,3.0,0.0,0.0,3.0,3.0,7.0,0.0,3.0,3.0,25.0,1329.0,6.92,2.8417,1.29410223,6.0,20.0,8.0,9.0,78.4965034965035,47.0,19.0,7.0,0.0,1.05,fuzzy_match
6190,Pisilli,Roma,C,7,7,0,15,24.0,5.98,6.12,2.0,0.0,0.0,0.0,1.0,7.0,0.0,2.0,1.0,28.0,1225.0,6.77,2.6075,0.98613761,8.0,27.0,5.0,3.0,85.24590163934425,24.0,11.0,7.0,0.0,0.7979999999999999,fuzzy_match
5007,Ilic,Torino,C,7,7,0,12,16.0,5.91,5.97,1.0,0.0,0.0,0.0,0.0,4.0,0.0,1.0,0.0,19.0,921.0,6.77,0.9485,0.91505641,4.0,11.0,6.0,7.0,86.70634920634922,5.0,5.0,4.0,0.0,0.672,fuzzy_match
5688,Harroui,Verona,C,7,7,0,14,10.0,5.95,6.4,1.0,0.0,0.0,0.0,2.0,1.0,0.0,1.0,2.0,10.0,462.0,6.73,2.1587,0.58414856,4.0,15.0,6.0,2.0,82.01058201058201,9.0,2.0,1.0,0.0,0.7474999999999999,fuzzy_match
6274,Diouf,Inter,C,7,7,0,16,,,,,,,,,,,,,,,,,,,,,,,,,,,,
6640,Felici,Cagliari,C,6,6,0,13,18.0,5.83,5.97,0.0,0.0,0.0,0.0,3.0,1.0,0.0,0.0,3.0,20.0,923.0,6.63,0.6067,0.73256017,6.0,10.0,19.0,4.0,72.8395061728395,17.0,7.0,1.0,0.0,0.7909999999999999,fuzzy_match
5422,Zalewski,Atalanta,C,6,6,0,25,19.0,6.03,6.21,1.0,0.0,0.0,0.0,2.0,3.0,0.0,1.0,1.0,11.0,442.0,7.04,0.229,1.77842123,3.0,5.0,9.0,9.0,88.9423076923077,7.0,2.0,3.0,0.0,0.6674999999999999,fuzzy_match
181,Vecino,Lazio,C,6,6,0,14,18.0,6.14,6.44,2.0,0.0,0.0,0.0,3.0,7.0,0.0,2.0,3.0,20.0,875.0,6.8,2.2688,2.79071717,5.0,16.0,1.0,0.0,81.7258883248731,13.0,5.0,7.0,0.0,0.7909999999999999,fuzzy_match
5457,Maleh,Lecce,C,6,6,0,6,22.0,5.82,5.75,0.0,0.0,0.0,0.0,1.0,3.0,1.0,,,,,,,,,,,,,,,,,,
6633,Pierret,Lecce,C,6,6,0,12,30.0,5.75,5.72,0.0,0.0,0.0,0.0,0.0,2.0,0.0,0.0,0.0,30.0,1725.0,6.69,0.1661,0.55768696,0.0,6.0,13.0,1.0,84.54987834549878,51.0,19.0,2.0,0.0,0.7559999999999999,fuzzy_match
6394,Ramadani,Lecce,C,6,6,0,11,27.0,5.85,5.94,1.0,0.0,0.0,0.0,1.0,3.0,0.0,1.0,1.0,29.0,1819.0,6.74,0.6042,0.42894367,6.0,17.0,13.0,1.0,83.01435406698565,51.0,24.0,3.0,0.0,0.861,fuzzy_match
5295,Musah,Milan,C,6,6,0,9,26.0,5.69,5.67,0.0,0.0,0.0,0.0,2.0,5.0,0.0,0.0,2.0,29.0,1581.0,6.71,1.8533,1.45101935,5.0,22.0,21.0,9.0,88.93805309734513,27.0,7.0,5.0,0.0,0.7839999999999999,fuzzy_match
6898,Keita M.,Parma,C,6,6,0,10,28.0,5.73,5.66,0.0,0.0,0.0,0.0,1.0,4.0,1.0,0.0,2.0,30.0,1827.0,6.71,0.1318,0.75543961,4.0,5.0,17.0,0.0,90.52197802197803,44.0,21.0,5.0,1.0,0.6859999999999999,fuzzy_match
7145,Piccinini G.,Pisa,C,6,6,0,9,,,,,,,,,,,0.0,0.0,1.0,13.0,6.4,0.0,0.00861656,0.0,0.0,0.0,0.0,100.0,0.0,0.0,0.0,0.0,0.7699999999999999,fuzzy_match
7146,Tourè I.,Pisa,C,6,6,0,20,,,,,,,,,,,0.0,0.0,1.0,90.0,7.5,0.2055,0.0750787,0.0,3.0,1.0,1.0,72.0,2.0,0.0,0.0,0.0,0.616,fuzzy_match
7149,Marin M.,Pisa,C,6,6,0,11,,,,,,,,,,,0.0,0.0,1.0,78.0,6.7,0.0,0.00989724,0.0,0.0,1.0,0.0,82.6086956521739,1.0,2.0,0.0,0.0,0.7699999999999999,fuzzy_match
6219,Boloca,Sassuolo,C,6,6,0,14,,,,,,,,,,,0.0,0.0,1.0,90.0,6.6,0.245,0.0134621,0.0,2.0,1.0,0.0,95.1219512195122,2.0,1.0,0.0,0.0,0.7909999999999999,fuzzy_match
6717,Konè I.,Sassuolo,C,6,6,0,12,,,,,,,,,,,,,,,,,,,,,,,,,,,,
6815,Fadera,Sassuolo,C,6,6,0,13,24.0,6.0,6.19,1.0,0.0,0.0,0.0,3.0,1.0,1.0,0.0,0.0,1.0,10.0,6.7,0.0,6.015e-05,0.0,0.0,0.0,0.0,100.0,1.0,0.0,0.0,0.0,0.658,fuzzy_match
6680,Karlstrom,Udinese,C,6,6,0,14,37.0,5.85,5.78,0.0,0.0,0.0,0.0,2.0,9.0,0.0,0.0,3.0,37.0,3189.0,6.77,0.7345,1.40546137,2.0,13.0,6.0,4.0,83.7872070930969,61.0,35.0,9.0,0.0,0.7979999999999999,fuzzy_match
6908,Atta,Udinese,C,6,6,0,24,23.0,6.0,5.89,0.0,0.0,0.0,0.0,0.0,5.0,0.0,0.0,1.0,27.0,1246.0,6.72,1.3343,1.37024426,7.0,26.0,27.0,7.0,82.38255033557047,20.0,7.0,5.0,0.0,0.721,fuzzy_match
7198,Piotrowski,Udinese,C,6,6,0,12,,,,,,,,,,,2.0,2.0,26.0,984.0,6.88,2.6278,1.04721811,6.0,17.0,6.0,6.0,92.5,14.0,6.0,0.0,0.0,0.6729999999999999,fuzzy_match
7209,Sorensen O.,Parma,C,6,6,0,13,,,,,,,,,,,0.0,0.0,1.0,34.0,6.0,0.0,0.00378426,0.0,0.0,0.0,0.0,83.33333333333334,0.0,0.0,1.0,0.0,0.728,fuzzy_match
4870,Adopo,Cagliari,C,5,5,0,14,34.0,5.87,5.91,1.0,0.0,0.0,0.0,1.0,3.0,1.0,0.0,1.0,8.0,307.0,6.54,0.0,0.0,1.0,7.0,4.0,0.0,81.63265306122449,5.0,1.0,0.0,0.0,0.6509999999999999,fuzzy_match
1871,Deiola,Cagliari,C,5,5,0,11,25.0,5.98,6.14,2.0,0.0,0.0,0.0,1.0,6.0,0.0,2.0,1.0,29.0,1446.0,6.74,1.7368,0.67943607,6.0,18.0,3.0,1.0,75.4,31.0,13.0,6.0,0.0,0.714,fuzzy_match
6917,Masini,Genoa,C,5,5,0,14,18.0,6.06,6.17,1.0,0.0,0.0,0.0,0.0,2.0,0.0,1.0,0.0,26.0,1544.0,6.84,0.407,0.43585798,1.0,8.0,10.0,3.0,79.51612903225806,54.0,15.0,3.0,0.0,0.749,fuzzy_match
6020,Ellertsson,Genoa,C,5,5,0,13,35.0,6.01,6.21,2.0,0.0,0.0,0.0,2.0,2.0,0.0,2.0,2.0,36.0,2480.0,6.81,1.1421,1.79214992,5.0,21.0,16.0,3.0,73.00380228136882,58.0,17.0,2.0,0.0,0.743,fuzzy_match
4404,Thorsby,Genoa,C,5,5,0,12,27.0,5.78,5.65,0.0,0.0,0.0,0.0,1.0,5.0,0.0,0.0,1.0,30.0,1902.0,6.64,2.7821,1.24778193,7.0,15.0,9.0,2.0,67.63005780346822,49.0,5.0,5.0,0.0,0.819,fuzzy_match
5813,Miretti,Juventus,C,5,5,0,9,25.0,5.98,6.42,3.0,0.0,0.0,0.0,3.0,2.0,0.0,3.0,3.0,25.0,1694.0,6.81,3.1703,2.1321117,6.0,24.0,25.0,21.0,80.12170385395537,28.0,7.0,2.0,0.0,0.6674999999999999,fuzzy_match
333,Cataldi,Lazio,C,5,5,0,10,24.0,6.04,6.4,3.0,0.0,0.0,0.0,0.0,1.0,0.0,3.0,0.0,25.0,1768.0,6.93,0.98,0.77022625,5.0,13.0,3.0,6.0,86.15702479338843,25.0,22.0,1.0,0.0,0.6365,fuzzy_match
7138,Ordonez C.,Parma,C,5,5,0,12,,,,,,,,,,,0.0,0.0,1.0,57.0,6.3,0.0,0.0176821,0.0,0.0,0.0,0.0,87.5,0.0,0.0,0.0,0.0,0.658,fuzzy_match
5735,Volpato,Sassuolo,C,5,5,0,13,,,,,,,,,,,1.0,0.0,22.0,639.0,6.71,0.501,1.42026929,6.0,12.0,25.0,13.0,71.31474103585657,16.0,1.0,1.0,0.0,0.777,fuzzy_match
4890,Tameze,Torino,C,5,5,0,11,15.0,5.9,5.83,0.0,0.0,0.0,0.0,0.0,3.0,0.0,0.0,0.0,20.0,659.0,6.62,0.3867,0.70802025,3.0,7.0,4.0,2.0,87.93103448275862,5.0,10.0,3.0,0.0,0.7909999999999999,fuzzy_match
6170,Gineitis,Torino,C,5,5,0,11,28.0,5.95,6.21,3.0,0.0,0.0,0.0,1.0,5.0,0.0,3.0,1.0,30.0,1423.0,6.83,1.4539,2.19438046,8.0,29.0,8.0,13.0,80.76109936575054,25.0,18.0,5.0,0.0,0.84,fuzzy_match
6458,Serdar,Verona,C,5,5,0,12,21.0,5.79,6.02,2.0,0.0,0.0,0.0,1.0,2.0,1.0,2.0,1.0,22.0,1377.0,6.78,2.0408,0.53719624,8.0,30.0,19.0,3.0,76.47058823529412,35.0,8.0,3.0,1.0,0.7545,fuzzy_match
1976,Mazzitelli,Cagliari,C,5,5,0,11,8.0,6.0,6.44,1.0,0.0,0.0,0.0,1.0,1.0,0.0,0.0,3.0,20.0,923.0,6.63,0.6067,0.73256017,6.0,10.0,19.0,4.0,72.8395061728395,17.0,7.0,1.0,0.0,0.714,fuzzy_match
6024,Sulemana I.,Atalanta,C,4,4,0,10,6.0,6.17,7.08,2.0,0.0,0.0,0.0,0.0,1.0,0.0,2.0,0.0,9.0,282.0,6.8,0.4307,0.10852748,2.0,5.0,1.0,0.0,88.33333333333333,9.0,0.0,1.0,0.0,0.763,fuzzy_match
5784,Aebischer,Pisa,C,4,4,0,14,13.0,5.77,5.69,0.0,0.0,0.0,0.0,0.0,2.0,0.0,0.0,0.0,14.0,728.0,6.87,0.4105,0.60864647,5.0,10.0,3.0,6.0,89.33002481389578,18.0,7.0,2.0,0.0,0.649,fuzzy_match
4284,Sergi Roberto,Como,C,4,4,0,8,12.0,6.0,5.92,0.0,0.0,0.0,0.0,1.0,4.0,0.0,0.0,1.0,13.0,696.0,6.8,0.6728,0.51272652,1.0,6.0,3.0,3.0,90.94567404426559,14.0,9.0,4.0,0.0,1.05,fuzzy_match
27,Grassi,Cremonese,C,4,4,0,9,28.0,5.91,5.84,1.0,0.0,0.0,0.0,0.0,8.0,1.0,1.0,0.0,28.0,2228.0,6.78,1.0441,0.69547061,4.0,11.0,5.0,0.0,75.90361445783132,39.0,33.0,8.0,1.0,0.62,fuzzy_match
6804,Richardson,Fiorentina,C,4,4,0,8,25.0,5.78,5.84,1.0,0.0,0.0,0.0,1.0,5.0,0.0,1.0,1.0,27.0,1078.0,6.72,0.8626,0.65173471,5.0,11.0,11.0,2.0,88.13838550247117,30.0,6.0,6.0,0.0,0.9099999999999999,fuzzy_match
5719,Asllani,Torino,C,4,4,0,9,16.0,6.16,6.56,2.0,0.0,0.0,2.0,2.0,3.0,0.0,0.0,0.0,1.0,88.0,7.2,0.0333,0.026701,0.0,1.0,0.0,0.0,83.33333333333334,0.0,0.0,0.0,0.0,0.6649999999999999,fuzzy_match
152,Zielinski,Inter,C,4,4,0,12,20.0,5.98,6.32,2.0,0.0,0.0,2.0,1.0,0.0,0.0,2.0,2.0,26.0,984.0,6.88,2.6278,1.04721811,6.0,17.0,6.0,6.0,92.5,14.0,6.0,0.0,0.0,0.819,fuzzy_match
4711,Kostic,Juventus,C,4,4,0,7,0.0,0.0,0.0,0.0,0.0,0.0,0.0,0.0,0.0,0.0,0.0,4.0,29.0,1831.0,6.93,0.6778,4.1423764,3.0,21.0,6.0,45.0,80.64066852367688,37.0,9.0,2.0,0.0,0.742,fuzzy_match
6191,Belahyane,Lazio,C,4,4,0,5,26.0,5.77,5.69,0.0,0.0,0.0,0.0,2.0,4.0,2.0,0.0,0.0,6.0,191.0,6.37,0.0,0.03201744,0.0,0.0,3.0,0.0,90.32258064516128,8.0,1.0,0.0,1.0,0.8959999999999999,fuzzy_match
4856,Chukwueze,Milan,C,4,4,0,11,16.0,6.09,6.78,3.0,0.0,0.0,0.0,2.0,0.0,0.0,3.0,2.0,26.0,947.0,6.96,2.6677,2.429794,8.0,32.0,26.0,10.0,83.66197183098592,17.0,2.0,0.0,0.0,0.754,fuzzy_match
4930,Ghion,Sassuolo,C,4,4,0,9,,,,,,,,,,,0.0,0.0,1.0,10.0,6.7,0.0,6.015e-05,0.0,0.0,0.0,0.0,100.0,1.0,0.0,0.0,0.0,0.763,fuzzy_match
6246,Lipani,Sassuolo,C,4,4,0,8,,,,,,,,,,,0.0,0.0,1.0,73.0,6.3,0.0,0.0170472,0.0,0.0,1.0,0.0,79.48717948717949,2.0,1.0,0.0,0.0,0.8469999999999999,fuzzy_match
6481,Payero,Cremonese,C,4,4,0,10,25.0,5.9,5.96,1.0,0.0,0.0,0.0,1.0,5.0,0.0,1.0,1.0,25.0,1383.0,6.81,1.277,1.12274099,5.0,31.0,30.0,13.0,82.4390243902439,24.0,13.0,5.0,0.0,0.6659999999999999,fuzzy_match
7028,Bernede,Verona,C,4,4,0,10,12.0,5.79,5.96,1.0,0.0,0.0,0.0,0.0,2.0,0.0,1.0,0.0,14.0,598.0,6.66,0.7696,0.38037737,2.0,4.0,2.0,3.0,76.0,15.0,5.0,2.0,0.0,0.7054999999999999,fuzzy_match
2117,Kastanos,Verona,C,4,4,0,10,22.0,5.89,5.95,1.0,0.0,0.0,0.0,0.0,4.0,0.0,1.0,1.0,27.0,866.0,6.69,0.9708,0.99490416,5.0,22.0,0.0,6.0,73.12925170068027,23.0,7.0,4.0,0.0,0.7054999999999999,fuzzy_match
5610,Vranckx,Sassuolo,C,4,4,0,11,,,,,,,,,,,0.0,0.0,26.0,1519.0,6.56,0.505,0.39680591,2.0,7.0,2.0,0.0,85.27245949926362,25.0,24.0,6.0,1.0,0.635,fuzzy_match
6054,Moro N.,Bologna,C,3,3,0,7,16.0,6.0,6.03,0.0,0.0,0.0,0.0,1.0,1.0,0.0,0.0,2.0,22.0,1229.0,6.97,0.4855,1.02222735,2.0,14.0,7.0,10.0,82.55208333333334,35.0,13.0,1.0,0.0,0.658,fuzzy_match
6424,Prati,Cagliari,C,3,3,0,11,10.0,5.85,5.8,0.0,0.0,0.0,0.0,0.0,1.0,0.0,0.0,0.0,12.0,579.0,6.51,0.1051,0.4231423,0.0,4.0,3.0,2.0,72.54098360655738,10.0,7.0,1.0,0.0,0.763,fuzzy_match
5863,Castagnetti,Cremonese,C,3,3,0,5,,,,,,,,,,,0.0,1.0,27.0,1421.0,6.78,0.6478,1.89994404,1.0,12.0,8.0,11.0,80.55555555555556,46.0,15.0,2.0,0.0,0.861,fuzzy_match
6980,Venturino,Genoa,C,3,3,0,10,3.0,6.83,8.83,2.0,0.0,0.0,0.0,0.0,0.0,0.0,2.0,0.0,6.0,163.0,6.9,0.9595,0.10180959,3.0,4.0,4.0,2.0,56.81818181818182,5.0,0.0,0.0,0.0,0.8329999999999999,fuzzy_match
6015,Berisha M.,Lecce,C,3,3,0,11,14.0,6.07,5.96,0.0,0.0,0.0,0.0,1.0,5.0,0.0,0.0,1.0,17.0,723.0,6.88,0.7282,0.84214416,6.0,24.0,3.0,8.0,82.14285714285714,12.0,11.0,5.0,0.0,0.777,fuzzy_match
6222,Rafia,Lecce,C,3,3,0,7,18.0,5.78,5.67,0.0,0.0,0.0,0.0,0.0,4.0,0.0,0.0,0.0,18.0,1064.0,6.84,0.5011,1.32394123,2.0,10.0,10.0,11.0,83.08977035490605,44.0,4.0,4.0,0.0,0.7839999999999999,fuzzy_match
5992,Bondo,Cremonese,C,3,3,0,18,22.0,5.91,5.77,0.0,0.0,0.0,0.0,0.0,4.0,1.0,0.0,0.0,20.0,1623.0,6.69,0.4002,0.46923839,1.0,13.0,20.0,2.0,89.73509933774835,35.0,5.0,4.0,1.0,0.6204999999999999,fuzzy_match
5998,Zerbin,Cremonese,C,3,3,0,26,18.0,6.0,6.11,1.0,0.0,0.0,0.0,1.0,4.0,0.0,1.0,1.0,18.0,1520.0,6.87,2.0034,2.31923763,6.0,16.0,21.0,18.0,66.50366748166259,51.0,15.0,4.0,0.0,0.615,fuzzy_match
7150,Vural,Pisa,C,3,3,0,1,,,,,,,,,,,,,,,,,,,,,,,,,,,,
6593,Akinsanmiro,Pisa,C,3,3,0,13,,,,,,,,,,,0.0,0.0,1.0,29.0,6.9,0.0226,0.0138401,0.0,1.0,0.0,0.0,100.0,2.0,0.0,0.0,0.0,0.8469999999999999,fuzzy_match
5540,Niasse,Verona,C,3,3,0,14,11.0,5.5,5.32,0.0,0.0,0.0,0.0,0.0,4.0,0.0,0.0,0.0,11.0,757.0,6.74,0.3888,0.28451334,1.0,3.0,1.0,0.0,80.9322033898305,18.0,17.0,4.0,0.0,0.6984999999999999,fuzzy_match
7208,Miller L.,Udinese,C,3,3,0,10,,,,,,,,,,,1.0,0.0,22.0,896.0,6.65,0.3992,0.59659601,1.0,6.0,2.0,6.0,87.5,19.0,2.0,0.0,0.0,0.616,fuzzy_match
7246,Sala A.,Lecce,C,3,3,0,8,,,,,,,,,,,0.0,0.0,18.0,1064.0,6.84,0.5011,1.32394123,2.0,10.0,10.0,11.0,83.08977035490605,44.0,4.0,4.0,0.0,0.658,fuzzy_match
6676,Engelhardt,Como,C,2,2,0,3,16.0,5.81,5.97,1.0,0.0,0.0,0.0,1.0,3.0,0.0,1.0,1.0,26.0,1185.0,6.76,0.5643,1.36900405,2.0,8.0,9.0,0.0,88.97168405365127,30.0,11.0,4.0,0.0,0.868,fuzzy_match
5857,Pickel,Cremonese,C,2,2,0,3,,,,,,,,,,,1.0,0.0,33.0,2491.0,6.64,1.6095,1.12197828,7.0,23.0,4.0,1.0,78.29293993677555,55.0,24.0,8.0,1.0,0.7699999999999999,fuzzy_match
6294,Ndour,Fiorentina,C,2,2,0,14,7.0,5.71,5.64,0.0,0.0,0.0,0.0,0.0,1.0,0.0,0.0,0.0,9.0,407.0,6.65,0.1326,0.11833509,0.0,4.0,2.0,3.0,82.87037037037037,4.0,2.0,1.0,0.0,0.819,fuzzy_match
5788,Sabiri,Fiorentina,C,2,2,0,4,,,,,,,,,,,1.0,1.0,27.0,1078.0,6.72,0.8626,0.65173471,5.0,11.0,11.0,2.0,88.13838550247117,30.0,6.0,6.0,0.0,0.616,fuzzy_match
5290,Estevez,Parma,C,2,2,0,3,12.0,5.79,5.71,0.0,0.0,0.0,0.0,0.0,2.0,0.0,0.0,0.0,14.0,664.0,6.72,0.0834,0.53788479,1.0,5.0,3.0,3.0,78.98305084745762,16.0,3.0,2.0,0.0,0.749,fuzzy_match
2334,Leris,Pisa,C,2,2,0,3,,,,,,,,,,,0.0,0.0,1.0,90.0,7.3,0.0151,0.557041,0.0,1.0,0.0,3.0,58.333333333333336,2.0,2.0,0.0,0.0,0.644,fuzzy_match
6212,Zarraga,Udinese,C,2,2,0,6,18.0,5.78,5.94,1.0,0.0,0.0,0.0,0.0,0.0,0.0,1.0,0.0,22.0,896.0,6.65,0.3992,0.59659601,1.0,6.0,2.0,6.0,87.5,19.0,2.0,0.0,0.0,0.868,fuzzy_match
7177,Santiago,Verona,C,2,2,0,2,,,,,,,,,,,8.0,4.0,36.0,2305.0,6.91,7.627,1.52308907,21.0,63.0,18.0,1.0,78.00453514739229,18.0,3.0,8.0,0.0,0.605,fuzzy_match
7165,Liteta,Cagliari,C,1,1,0,6,,,,,,,,,,,6.0,2.0,35.0,2728.0,6.63,3.0682,2.23464495,10.0,33.0,38.0,34.0,73.20359281437125,30.0,19.0,3.0,0.0,0.658,fuzzy_match
2553,Alli,Como,C,1,1,0,1,1.0,4.5,3.5,0.0,0.0,0.0,0.0,0.0,0.0,1.0,0.0,0.0,1.0,10.0,5.7,0.0,0.00084837,0.0,0.0,0.0,0.0,100.0,0.0,0.0,0.0,1.0,0.7839999999999999,fuzzy_match
5516,Bianco,Fiorentina,C,1,1,0,2,35.0,5.91,5.87,1.0,0.0,0.0,0.0,0.0,9.0,0.0,0.0,0.0,1.0,17.0,6.5,0.0,0.00126013,0.0,0.0,0.0,0.0,81.81818181818183,0.0,0.0,0.0,0.0,0.714,fuzzy_match
5674,Basic,Lazio,C,1,1,0,1,0.0,0.0,0.0,0.0,0.0,0.0,0.0,0.0,0.0,0.0,1.0,0.0,10.0,604.0,6.64,1.0652,0.06822679,1.0,2.0,0.0,1.0,89.19597989949749,9.0,3.0,2.0,0.0,0.635,fuzzy_match
6410,Kaba,Lecce,C,1,1,0,2,12.0,5.88,5.83,0.0,0.0,0.0,0.0,0.0,1.0,0.0,0.0,0.0,15.0,452.0,6.63,0.3697,0.06519025,0.0,4.0,2.0,1.0,80.7017543859649,13.0,4.0,1.0,0.0,0.7,fuzzy_match
6645,Marchwinski,Lecce,C,1,1,0,2,0.0,0.0,0.0,0.0,0.0,0.0,0.0,0.0,0.0,0.0,0.0,0.0,1.0,14.0,6.6,0.0,0.00227203,0.0,0.0,0.0,0.0,80.0,0.0,0.0,0.0,0.0,0.8469999999999999,fuzzy_match
7147,Hojholt,Pisa,C,1,1,0,2,,,,,,,,,,,,,,,,,,,,,,,,,,,,
7151,Arena,Pisa,C,1,1,0,1,,,,,,,,,,,,,,,,,,,,,,,,,,,,
7157,Iannoni,Sassuolo,C,1,1,0,7,,,,,,,,,,,0.0,0.0,1.0,79.0,6.0,0.0,0.0105531,0.0,0.0,0.0,0.0,86.20689655172413,1.0,1.0,1.0,1.0,0.658,fuzzy_match
2076,Rog,Cagliari,C,1,1,0,1,,,,,,,,,,,0.0,1.0,8.0,307.0,6.54,0.0,0.0,1.0,7.0,4.0,0.0,81.63265306122449,5.0,1.0,0.0,0.0,0.7,fuzzy_match
6677,Adzic,Juventus,C,1,1,0,1,1.0,6.0,6.0,0.0,0.0,0.0,0.0,0.0,0.0,0.0,,,,,,,,,,,,,,,,,,
6005,Ilkhan,Torino,C,1,1,0,1,,,,,,,,,,,0.0,0.0,4.0,88.0,6.65,0.0455,0.041690183,0.0,2.0,1.0,0.0,83.72093023255815,1.0,2.0,1.0,0.0,0.749,fuzzy_match
2764,Martinez L.,Inter,A,34,34,0,380,31.0,6.19,7.44,12.0,0.0,0.0,0.0,3.0,1.0,0.0,12.0,3.0,31.0,2577.0,7.2,13.4644,4.33525488,34.0,102.0,17.0,2.0,76.59574468085107,30.0,10.0,1.0,0.0,0.714,fuzzy_match
2097,Kean,Fiorentina,A,33,33,0,371,32.0,6.42,8.08,19.0,0.0,0.0,2.0,2.0,6.0,0.0,19.0,3.0,32.0,2710.0,7.03,19.3239,1.08382058,51.0,105.0,44.0,2.0,71.7948717948718,7.0,6.0,6.0,0.0,0.749,fuzzy_match
2531,Lukaku,Napoli,A,31,31,0,200,36.0,6.29,7.57,14.0,0.0,0.0,4.0,9.0,4.0,0.0,14.0,10.0,36.0,2870.0,6.99,13.0311,2.6088181,24.0,64.0,6.0,2.0,71.19675456389453,4.0,1.0,4.0,0.0,0.7909999999999999,fuzzy_match
4730,Lookman,Atalanta,A,29,29,0,100,31.0,6.42,7.94,15.0,0.0,0.0,1.0,4.0,4.0,0.0,15.0,5.0,31.0,2263.0,7.32,10.3674,7.88974465,35.0,82.0,37.0,38.0,79.03225806451613,32.0,3.0,4.0,0.0,0.7979999999999999,fuzzy_match
4871,Thuram,Inter,A,29,29,0,310,32.0,6.33,7.75,14.0,0.0,0.0,0.0,4.0,1.0,0.0,14.0,4.0,32.0,2298.0,7.3,10.0639,4.07987235,27.0,65.0,24.0,4.0,75.0,18.0,3.0,1.0,0.0,0.7909999999999999,fuzzy_match
5544,David,Juventus,A,27,27,0,283,,,,,,,,,,,1.0,0.0,1.0,80.0,6.9,0.6002,0.141946,1.0,4.0,1.0,0.0,77.77777777777779,1.0,0.0,0.0,0.0,0.721,fuzzy_match
309,Dybala,Roma,A,26,26,0,240,20.0,6.48,7.48,6.0,0.0,0.0,3.0,3.0,2.0,0.0,6.0,3.0,24.0,1420.0,7.39,6.3401,5.17132476,19.0,50.0,11.0,23.0,86.49468892261002,17.0,2.0,2.0,0.0,0.819,fuzzy_match
7008,Gimenez,Milan,A,25,25,0,206,12.0,5.88,6.75,5.0,0.0,0.0,1.0,1.0,3.0,1.0,5.0,2.0,14.0,676.0,6.73,4.8378,0.45263229,10.0,23.0,7.0,1.0,80.85106382978722,5.0,1.0,3.0,1.0,0.714,fuzzy_match
6434,Yildiz,Juventus,A,24,24,0,243,34.0,6.34,7.01,7.0,0.0,0.0,0.0,4.0,2.0,1.0,,,,,,,,,,,,,,,,,,
2841,Vlahovic,Juventus,A,24,24,0,103,25.0,6.12,7.38,10.0,0.0,0.0,4.0,3.0,3.0,0.0,10.0,4.0,29.0,1797.0,6.86,12.4966,0.91160772,30.0,77.0,9.0,1.0,71.5909090909091,4.0,1.0,3.0,0.0,0.7979999999999999,fuzzy_match
4510,Leao,Milan,A,24,24,0,239,34.0,6.19,7.06,8.0,0.0,0.0,0.0,8.0,5.0,0.0,,,,,,,,,,,,,,,,,,
5995,De Ketelaere,Atalanta,A,22,22,0,162,34.0,6.19,6.94,7.0,0.0,0.0,0.0,5.0,1.0,0.0,7.0,7.0,36.0,2079.0,7.1,7.2799,4.83532074,21.0,48.0,43.0,13.0,79.24944812362031,13.0,3.0,1.0,0.0,0.8749999999999999,fuzzy_match
6226,Castellanos,Lazio,A,21,21,0,160,29.0,6.29,7.17,10.0,0.0,0.0,3.0,3.0,7.0,1.0,10.0,3.0,29.0,2395.0,7.19,13.7542,2.55879608,41.0,108.0,16.0,4.0,70.33398821218074,13.0,6.0,8.0,1.0,0.8469999999999999,fuzzy_match
6675,Dovbyk,Roma,A,21,21,0,137,32.0,6.0,7.19,12.0,0.0,0.0,2.0,2.0,0.0,0.0,12.0,2.0,32.0,2430.0,6.92,12.2508,1.54686538,27.0,63.0,7.0,0.0,74.94145199063233,4.0,2.0,0.0,0.0,0.819,fuzzy_match
531,Berardi,Sassuolo,A,21,21,0,141,,,,,,,,,,,0.0,0.0,1.0,90.0,6.8,0.0169,0.00660436,0.0,1.0,2.0,0.0,70.83333333333334,3.0,1.0,1.0,0.0,0.677,fuzzy_match
5672,Dia,Lazio,A,20,20,0,104,35.0,6.01,6.87,9.0,0.0,0.0,0.0,4.0,2.0,0.0,9.0,3.0,35.0,2194.0,6.89,7.1444,1.48161657,20.0,39.0,17.0,0.0,84.15672913117547,22.0,6.0,2.0,0.0,0.6509999999999999,fuzzy_match
6435,Krstovic,Atalanta,A,20,20,0,144,37.0,6.05,6.92,11.0,0.0,0.0,3.0,5.0,6.0,0.0,,,,,,,,,,,,,,,,,,
5734,Soulè,Roma,A,20,20,0,123,23.0,6.24,7.04,5.0,0.0,0.0,0.0,5.0,3.0,0.0,5.0,5.0,27.0,1799.0,7.21,3.0246,3.43565893,14.0,42.0,35.0,32.0,87.34939759036145,26.0,9.0,3.0,0.0,0.6789999999999999,fuzzy_match
608,Zapata D.,Torino,A,20,20,0,90,7.0,6.57,7.79,3.0,0.0,0.0,0.0,0.0,1.0,0.0,3.0,0.0,7.0,589.0,7.03,3.3542,0.45807908,10.0,21.0,1.0,3.0,69.42148760330579,7.0,2.0,1.0,0.0,0.749,fuzzy_match
2137,Scamacca,Atalanta,A,19,19,0,122,0.0,0.0,0.0,0.0,0.0,0.0,0.0,0.0,0.0,0.0,0.0,0.0,1.0,13.0,6.8,0.0863,3.72e-05,1.0,1.0,0.0,0.0,100.0,0.0,0.0,0.0,0.0,0.7979999999999999,fuzzy_match
6572,Castro S.,Bologna,A,19,19,0,126,33.0,6.17,6.76,8.0,0.0,0.0,1.0,4.0,8.0,0.0,8.0,4.0,36.0,2305.0,6.91,7.627,1.52308907,21.0,63.0,18.0,1.0,78.00453514739229,18.0,3.0,8.0,0.0,0.7,fuzzy_match
785,Immobile,Bologna,A,19,19,0,100,,,,,,,,,,,0.0,0.0,1.0,30.0,6.3,0.0,0.00021699,0.0,0.0,0.0,0.0,44.44444444444444,0.0,0.0,0.0,0.0,0.8819999999999999,fuzzy_match
7120,Lang,Napoli,A,19,19,0,66,,,,,,,,,,,0.0,0.0,1.0,9.0,6.4,0.0,0.00109146,0.0,0.0,0.0,0.0,80.0,0.0,0.0,0.0,0.0,0.819,fuzzy_match
6365,Ferguson E.,Roma,A,19,19,0,128,,,,,,,,,,,0.0,0.0,1.0,74.0,6.9,0.2141,0.0611485,2.0,3.0,1.0,1.0,84.61538461538461,1.0,0.0,0.0,0.0,0.819,fuzzy_match
313,Morata,Como,A,18,18,0,84,16.0,6.09,6.88,5.0,0.0,0.0,0.0,0.0,5.0,0.0,0.0,0.0,8.0,267.0,6.43,0.0,0.21557063,0.0,0.0,1.0,1.0,77.77777777777779,9.0,1.0,3.0,0.0,0.6,fuzzy_match
4359,Piccoli,Cagliari,A,17,17,0,86,37.0,6.0,6.76,10.0,0.0,0.0,1.0,1.0,6.0,0.0,10.0,1.0,37.0,3142.0,6.7,12.2956,0.51647481,31.0,98.0,14.0,0.0,67.72908366533864,13.0,3.0,6.0,0.0,0.7979999999999999,fuzzy_match
6967,Diao,Como,A,17,17,0,85,14.0,6.5,7.93,7.0,0.0,0.0,0.0,0.0,2.0,0.0,8.0,1.0,15.0,1257.0,7.12,3.7009,0.57238182,13.0,28.0,19.0,0.0,82.92682926829268,25.0,3.0,2.0,0.0,0.721,fuzzy_match
2038,Pinamonti,Sassuolo,A,16,16,0,72,36.0,5.96,6.68,10.0,0.0,0.0,1.0,1.0,4.0,0.0,10.0,1.0,36.0,2860.0,6.95,7.8626,1.28241904,30.0,79.0,11.0,4.0,64.28571428571429,10.0,1.0,4.0,0.0,0.6415,fuzzy_match
647,Dzeko,Fiorentina,A,15,15,0,59,,,,,,,,,,,,,,,,,,,,,,,,,,,,
6215,Lucca,Napoli,A,15,15,0,121,33.0,6.11,7.05,12.0,0.0,0.0,1.0,0.0,10.0,0.0,0.0,0.0,1.0,1.0,0.0,0.0,0.0,0.0,0.0,0.0,0.0,0.0,0.0,0.0,0.0,0.0,0.6064999999999999,fuzzy_match
6060,Laurientè,Sassuolo,A,15,15,0,49,,,,,,,,,,,0.0,0.0,1.0,81.0,6.7,0.0,0.0118092,0.0,0.0,0.0,0.0,95.45454545454545,2.0,0.0,0.0,0.0,0.698,fuzzy_match
7128,Kuhn,Como,A,14,14,0,37,,,,,,,,,,,,,,,,,,,,,,,,,,,,
6646,Adams C.,Torino,A,14,14,0,68,35.0,6.0,6.76,9.0,0.0,0.0,1.0,4.0,3.0,0.0,9.0,3.0,36.0,2657.0,6.89,8.9249,2.8603864,26.0,64.0,11.0,3.0,75.22935779816514,12.0,2.0,3.0,0.0,0.763,fuzzy_match
2489,Pedro,Lazio,A,13,13,0,40,28.0,6.21,7.27,10.0,0.0,0.0,2.0,1.0,3.0,0.0,10.0,1.0,30.0,1093.0,7.11,5.3385,2.06535366,18.0,39.0,16.0,16.0,86.9811320754717,19.0,3.0,3.0,0.0,1.05,fuzzy_match
7023,Pellegrino M.,Parma,A,13,13,0,70,11.0,6.14,6.86,3.0,0.0,0.0,0.0,0.0,2.0,0.0,3.0,1.0,13.0,745.0,6.84,3.8065,0.58310001,9.0,22.0,3.0,1.0,55.00000000000001,3.0,1.0,2.0,0.0,0.8329999999999999,fuzzy_match
5297,Luvumbo,Cagliari,A,12,12,0,18,26.0,5.98,6.25,2.0,0.0,0.0,0.0,2.0,2.0,0.0,2.0,2.0,26.0,1614.0,6.73,2.0661,2.14706849,4.0,23.0,25.0,8.0,72.53218884120172,10.0,4.0,2.0,0.0,0.868,fuzzy_match
4923,Colombo,Genoa,A,12,12,0,43,36.0,5.9,6.39,6.0,0.0,0.0,1.0,2.0,3.0,1.0,6.0,2.0,37.0,2249.0,6.78,6.1088,0.91155916,20.0,56.0,24.0,2.0,68.42105263157895,31.0,2.0,4.0,1.0,0.6379999999999999,fuzzy_match
6164,Vitinha O.,Genoa,A,12,12,0,24,22.0,5.89,6.25,2.0,0.0,0.0,0.0,3.0,2.0,0.0,2.0,3.0,25.0,1337.0,6.72,1.6559,2.01775086,6.0,33.0,22.0,12.0,64.17910447761194,23.0,12.0,2.0,0.0,0.9239999999999999,fuzzy_match
4179,Gonzalez N.,Juventus,A,12,12,0,27,23.0,5.96,6.37,3.0,0.0,0.0,0.0,2.0,3.0,0.0,3.0,2.0,26.0,1776.0,6.98,4.0399,1.17663338,21.0,45.0,17.0,1.0,77.34241908006815,24.0,9.0,3.0,0.0,0.614,fuzzy_match
6519,Camarda,Lecce,A,12,12,0,28,6.0,5.92,5.92,0.0,0.0,0.0,0.0,0.0,0.0,0.0,0.0,0.0,18.0,1064.0,6.84,0.5011,1.32394123,2.0,10.0,10.0,11.0,83.08977035490605,44.0,4.0,4.0,0.0,0.642,fuzzy_match
5637,Davis K.,Udinese,A,12,12,0,40,16.0,6.0,6.38,2.0,0.0,0.0,0.0,1.0,2.0,0.0,2.0,1.0,23.0,1071.0,6.85,2.8784,0.70267684,11.0,29.0,17.0,0.0,76.75276752767527,9.0,1.0,2.0,0.0,0.7,fuzzy_match
5336,Nzola,Pisa,A,12,12,0,29,0.0,0.0,0.0,0.0,0.0,0.0,0.0,0.0,0.0,0.0,0.0,0.0,1.0,37.0,6.6,0.0,0.0238526,0.0,0.0,1.0,0.0,64.28571428571429,0.0,0.0,0.0,0.0,0.763,fuzzy_match
4436,Cambiaghi,Bologna,A,11,11,0,25,17.0,6.15,6.5,1.0,0.0,0.0,0.0,3.0,0.0,0.0,1.0,3.0,18.0,614.0,6.99,0.7836,2.17122618,4.0,14.0,11.0,12.0,84.97409326424871,16.0,2.0,0.0,0.0,0.854,fuzzy_match
6643,Dallinga,Bologna,A,10,10,0,13,23.0,5.96,6.41,3.0,0.0,0.0,0.0,2.0,1.0,0.0,3.0,2.0,31.0,1163.0,6.73,4.2613,0.68935368,11.0,31.0,2.0,0.0,72.41379310344827,10.0,1.0,1.0,0.0,0.861,fuzzy_match
2155,Cutrone,Como,A,10,10,0,13,33.0,6.02,6.67,7.0,0.0,0.0,1.0,4.0,1.0,0.0,7.0,4.0,33.0,2053.0,6.95,7.1313,2.05833246,26.0,70.0,9.0,3.0,74.8868778280543,16.0,5.0,1.0,0.0,0.7979999999999999,fuzzy_match
5918,Sulemana K.,Atalanta,A,9,9,0,21,,,,,,,,,,,0.0,0.0,1.0,20.0,7.5,0.0,0.167685,0.0,0.0,3.0,0.0,92.85714285714286,1.0,0.0,1.0,0.0,0.735,fuzzy_match
6895,Dominguez B.,Bologna,A,9,9,0,17,20.0,6.28,6.82,3.0,0.0,0.0,0.0,2.0,0.0,0.0,3.0,2.0,24.0,1310.0,6.76,2.2358,0.93498727,17.0,30.0,28.0,2.0,80.85106382978722,18.0,4.0,0.0,0.0,0.621,fuzzy_match
5471,Djuric,Parma,A,9,9,0,18,23.0,6.0,6.61,5.0,0.0,0.0,0.0,1.0,4.0,0.0,,,,,,,,,,,,,,,,,,
6145,Ngonge,Torino,A,9,9,0,20,6.0,5.75,5.67,0.0,0.0,0.0,0.0,0.0,2.0,0.0,0.0,0.0,18.0,238.0,6.65,0.6921,0.24368033,6.0,13.0,7.0,2.0,86.8421052631579,8.0,2.0,2.0,0.0,0.6515,fuzzy_match
7183,Aboukhlal,Torino,A,9,9,0,15,,,,,,,,,,,,,,,,,,,,,,,,,,,,
7017,Douvikas,Como,A,8,8,0,30,12.0,6.21,6.75,2.0,0.0,0.0,0.0,1.0,1.0,0.0,2.0,2.0,13.0,578.0,6.82,2.5466,0.69993731,5.0,14.0,5.0,0.0,77.66990291262135,3.0,1.0,1.0,0.0,0.763,fuzzy_match
5512,De Luca,Cremonese,A,8,8,0,16,,,,,,,,,,,0.0,0.0,1.0,11.0,6.4,0.0,0.0,0.0,0.0,0.0,0.0,0.0,0.0,0.0,0.0,0.0,0.819,fuzzy_match
2061,Simeone,Torino,A,8,8,0,29,19.0,5.92,6.11,1.0,0.0,0.0,0.0,1.0,1.0,0.0,1.0,0.0,16.0,385.0,6.69,1.3509,0.30372861,5.0,9.0,7.0,1.0,69.87951807228916,5.0,0.0,1.0,0.0,0.6789999999999999,fuzzy_match
6159,Sarr A.,Verona,A,8,8,0,24,29.0,5.86,6.26,4.0,0.0,0.0,0.0,0.0,1.0,0.0,4.0,1.0,32.0,1918.0,6.74,3.3543,1.02946103,7.0,23.0,14.0,2.0,70.88888888888889,22.0,3.0,1.0,0.0,0.6074999999999999,fuzzy_match
6229,Tourè E.,Atalanta,A,7,7,0,9,0.0,0.0,0.0,0.0,0.0,0.0,0.0,0.0,0.0,0.0,2.0,0.0,11.0,391.0,6.75,1.2416,0.62438848,5.0,12.0,3.0,0.0,74.19354838709677,1.0,1.0,2.0,0.0,0.602,fuzzy_match
7127,Addai,Como,A,7,7,0,18,,,,,,,,,,,2.0,0.0,18.0,611.0,6.73,2.494,0.12439289,3.0,19.0,2.0,0.0,78.26086956521739,7.0,1.0,1.0,0.0,0.644,fuzzy_match
5496,Johnsen,Cremonese,A,7,7,0,12,,,,,,,,,,,1.0,2.0,27.0,1470.0,6.55,0.0,0.0,5.0,15.0,20.0,10.0,63.66906474820144,14.0,5.0,2.0,0.0,0.6639999999999999,fuzzy_match
6409,Beltran L.,Fiorentina,A,7,7,0,10,30.0,5.98,6.42,5.0,0.0,0.0,3.0,4.0,6.0,0.0,5.0,4.0,33.0,1958.0,6.78,5.4234,1.8863322,9.0,29.0,15.0,4.0,78.74564459930313,23.0,5.0,6.0,0.0,0.614,fuzzy_match
4463,Esposito Se.,Cagliari,A,7,7,0,70,33.0,6.17,6.79,8.0,0.0,0.0,2.0,0.0,1.0,0.0,,,,,,,,,,,,,,,,,,
7071,Esposito F.P.,Inter,A,7,7,0,16,,,,,,,,,,,,,,,,,,,,,,,,,,,,
6556,Noslin,Lazio,A,7,7,0,9,19.0,6.0,6.37,2.0,0.0,0.0,0.0,2.0,2.0,0.0,2.0,2.0,30.0,893.0,6.74,2.0309,1.07496145,6.0,19.0,8.0,5.0,77.82608695652173,6.0,1.0,2.0,0.0,0.7699999999999999,fuzzy_match
479,Sanabria,Cremonese,A,7,7,0,33,22.0,5.7,5.84,2.0,0.0,0.0,1.0,1.0,2.0,0.0,2.0,1.0,26.0,1330.0,6.68,2.9219,0.70267376,4.0,19.0,6.0,0.0,78.57142857142857,3.0,1.0,2.0,0.0,0.6365,fuzzy_match
2475,Sanchez,Udinese,A,7,7,0,10,9.0,5.83,5.83,0.0,0.0,0.0,0.0,0.0,0.0,0.0,0.0,0.0,13.0,439.0,6.58,0.794,0.29579949,0.0,7.0,4.0,1.0,80.51948051948052,3.0,4.0,0.0,0.0,0.749,fuzzy_match
7213,Frigan,Parma,A,7,7,0,7,,,,,,,,,,,,,,,,,,,,,,,,,,,,
6653,Bravo,Udinese,A,6,6,0,22,16.0,6.0,6.28,2.0,0.0,0.0,0.0,0.0,3.0,0.0,2.0,1.0,29.0,688.0,6.62,0.9044,0.43414934,4.0,13.0,11.0,1.0,84.69945355191257,10.0,1.0,3.0,0.0,0.819,fuzzy_match
6630,Mosquera,Verona,A,6,6,0,14,33.0,5.88,6.3,5.0,0.0,0.0,0.0,1.0,4.0,0.0,5.0,1.0,35.0,1371.0,6.8,6.6276,0.88620372,16.0,57.0,16.0,0.0,69.18429003021149,11.0,2.0,4.0,0.0,0.7474999999999999,fuzzy_match
7199,Kilicsoy,Cagliari,A,6,6,0,14,,,,,,,,,,,0.0,0.0,1.0,10.0,6.2,0.0,0.00112071,0.0,0.0,0.0,0.0,50.0,0.0,0.0,1.0,0.0,0.6649999999999999,fuzzy_match
6243,Borrelli,Cagliari,A,5,5,0,10,,,,,,,,,,,0.0,0.0,1.0,81.0,6.5,0.3,0.00423896,1.0,2.0,2.0,0.0,77.77777777777779,2.0,0.0,1.0,0.0,0.819,fuzzy_match
7129,Rodriguez Je.,Como,A,5,5,0,16,,,,,,,,,,,0.0,0.0,1.0,89.0,7.0,0.029,0.120044,0.0,1.0,3.0,0.0,88.88888888888889,0.0,1.0,0.0,0.0,0.698,fuzzy_match
5515,Okereke,Cremonese,A,5,5,0,7,,,,,,,,,,,0.0,0.0,1.0,65.0,6.3,0.0,0.0008134,0.0,0.0,0.0,0.0,40.0,0.0,0.0,0.0,0.0,0.84,fuzzy_match
6669,Bonny,Inter,A,5,5,0,27,37.0,6.03,6.51,6.0,0.0,0.0,3.0,4.0,2.0,0.0,,,,,,,,,,,,,,,,,,
6001,Banda,Lecce,A,5,5,0,12,13.0,5.77,5.81,0.0,0.0,0.0,0.0,1.0,1.0,0.0,0.0,1.0,15.0,609.0,6.59,1.2083,0.832127,4.0,17.0,10.0,9.0,84.9624060150376,8.0,2.0,1.0,0.0,0.663,fuzzy_match
7001,N'Dri,Lecce,A,5,5,0,8,7.0,5.86,5.86,0.0,0.0,0.0,0.0,0.0,0.0,0.0,0.0,0.0,11.0,313.0,6.61,0.5194,0.11584842,2.0,9.0,7.0,2.0,79.62962962962963,3.0,1.0,0.0,0.0,0.7839999999999999,fuzzy_match
5455,Moreo,Pisa,A,5,5,0,16,,,,,,,,,,,0.0,0.0,1.0,62.0,7.0,0.2943,0.224166,1.0,2.0,0.0,0.0,72.22222222222221,0.0,1.0,0.0,0.0,0.742,fuzzy_match
1842,Pierini,Sassuolo,A,5,5,0,9,2.0,5.75,5.75,0.0,0.0,0.0,0.0,0.0,0.0,0.0,,,,,,,,,,,,,,,,,,
6205,Mulattieri,Sassuolo,A,5,5,0,10,,,,,,,,,,,0.0,0.0,27.0,492.0,6.58,1.6013,0.50939125,5.0,13.0,4.0,0.0,70.43478260869566,1.0,1.0,1.0,0.0,0.8469999999999999,fuzzy_match
6628,Taremi,Inter,A,4,4,0,5,18.0,5.97,6.22,1.0,0.0,0.0,1.0,2.0,1.0,0.0,1.0,2.0,26.0,816.0,6.75,3.3956,1.05221864,7.0,14.0,6.0,0.0,81.41592920353983,7.0,0.0,1.0,0.0,0.819,fuzzy_match
6207,Almqvist,Parma,A,4,4,0,14,26.0,5.79,5.85,1.0,0.0,0.0,0.0,1.0,5.0,0.0,1.0,1.0,29.0,1120.0,6.69,2.1145,0.89754141,10.0,26.0,20.0,2.0,75.35714285714286,17.0,19.0,5.0,0.0,0.84,fuzzy_match
7153,Lind,Pisa,A,4,4,0,8,,,,,,,,,,,,,,,,,,,,,,,,,,,,
7161,Bayo V.,Udinese,A,4,4,0,12,,,,,,,,,,,,,,,,,,,,,,,,,,,,
6459,Karlsson,Bologna,A,3,3,0,7,17.0,5.82,6.09,2.0,0.0,0.0,1.0,0.0,3.0,0.0,1.0,0.0,7.0,296.0,6.54,0.7255,0.09223177,2.0,6.0,2.0,1.0,76.66666666666667,1.0,0.0,1.0,0.0,0.84,fuzzy_match
5500,Cancellieri,Lazio,A,3,3,0,13,25.0,5.76,6.04,3.0,0.0,0.0,0.0,0.0,2.0,1.0,0.0,4.0,22.0,1074.0,6.91,0.6594,1.6307403,4.0,13.0,11.0,23.0,81.1787072243346,23.0,19.0,5.0,0.0,0.6839999999999999,fuzzy_match
6644,Rocha Livramento,Verona,A,3,3,0,8,22.0,5.8,5.89,1.0,0.0,0.0,0.0,1.0,2.0,1.0,1.0,1.0,29.0,953.0,6.55,1.8104,0.87307678,4.0,13.0,6.0,1.0,59.62732919254658,15.0,3.0,2.0,1.0,0.8314999999999999,fuzzy_match
5506,Ekuban,Genoa,A,2,2,0,5,18.0,6.0,6.31,1.0,0.0,0.0,0.0,3.0,1.0,0.0,1.0,3.0,18.0,543.0,6.67,2.5137,0.20932426,6.0,18.0,3.0,1.0,68.93203883495146,3.0,1.0,1.0,0.0,0.819,fuzzy_match
6836,Meister,Pisa,A,2,2,0,14,,,,,,,,,,,0.0,0.0,1.0,54.0,6.4,0.0,0.00139673,0.0,0.0,0.0,0.0,42.857142857142854,0.0,0.0,0.0,0.0,0.7,fuzzy_match
5845,Alvarez A.,Sassuolo,A,2,2,0,4,,,,,,,,,,,1.0,1.0,22.0,378.0,6.59,1.5022,0.27493106,4.0,14.0,7.0,1.0,83.75,6.0,3.0,1.0,0.0,0.742,fuzzy_match
247,Pavoletti,Cagliari,A,1,1,0,3,11.0,5.95,6.36,2.0,0.0,0.0,0.0,0.0,5.0,0.0,2.0,0.0,26.0,452.0,6.75,2.6512,0.69013609,7.0,18.0,0.0,0.0,58.59872611464968,1.0,0.0,5.0,0.0,0.819,fuzzy_match
7027,Azon,Como,A,1,1,0,5,0.0,0.0,0.0,0.0,0.0,0.0,0.0,0.0,0.0,0.0,,,,,,,,,,,,,,,,,,
6657,Gabrielloni,Como,A,1,1,0,1,4.0,6.5,7.38,1.0,0.0,0.0,0.0,1.0,1.0,0.0,1.0,1.0,15.0,173.0,6.71,0.2993,0.15730842,2.0,5.0,0.0,0.0,57.446808510638306,0.0,0.0,1.0,0.0,0.819,fuzzy_match
505,Bonazzoli,Cremonese,A,1,1,0,22,,,,,,,,,,,1.0,0.0,1.0,84.0,7.8,0.1304,0.00479018,2.0,2.0,0.0,0.0,80.64516129032258,1.0,0.0,0.0,0.0,0.819,fuzzy_match
6822,Ekhator,Genoa,A,1,1,0,3,15.0,5.87,6.1,1.0,0.0,0.0,0.0,1.0,1.0,0.0,1.0,1.0,24.0,787.0,6.67,1.3824,0.57587324,3.0,10.0,4.0,1.0,71.52317880794702,7.0,2.0,1.0,0.0,0.868,fuzzy_match
2012,Milik,Juventus,A,1,1,0,5,0.0,0.0,0.0,0.0,0.0,0.0,0.0,0.0,0.0,0.0,4.0,1.0,32.0,925.0,6.75,5.1379,0.69884706,13.0,37.0,5.0,0.0,81.06060606060606,9.0,5.0,2.0,1.0,0.7,fuzzy_match
6667,Benedyczak,Parma,A,1,1,0,13,6.0,5.67,5.67,0.0,0.0,0.0,0.0,0.0,0.0,0.0,0.0,0.0,9.0,213.0,6.52,0.2517,0.02924579,0.0,3.0,0.0,0.0,68.62745098039215,0.0,0.0,0.0,0.0,0.768,fuzzy_match
7171,Buffon L.,Pisa,A,1,1,0,1,,,,,,,,,,,,,,,,,,,,,,,,,,,,
7158,Moro L.,Sassuolo,A,1,1,0,1,,,,,,,,,,,0.0,0.0,1.0,1.0,0.0,0.0,0.0,0.0,0.0,0.0,0.0,0.0,0.0,0.0,0.0,0.0,0.7,fuzzy_match
7159,Skjellerup,Sassuolo,A,1,1,0,1,,,,,,,,,,,0.0,0.0,27.0,492.0,6.58,1.6013,0.50939125,5.0,13.0,4.0,0.0,70.43478260869566,1.0,1.0,1.0,0.0,0.6509999999999999,fuzzy_match
6827,Njie,Torino,A,1,1,0,1,9.0,6.0,5.94,0.0,0.0,0.0,0.0,0.0,1.0,0.0,1.0,0.0,16.0,385.0,6.69,1.3509,0.30372861,5.0,9.0,7.0,1.0,69.87951807228916,5.0,0.0,1.0,0.0,0.749,fuzzy_match
6635,Pizarro,Udinese,A,1,1,0,3,0.0,0.0,0.0,0.0,0.0,0.0,0.0,0.0,0.0,0.0,0.0,0.0,2.0,24.0,6.45,0.0,5.792e-05,0.0,0.0,0.0,0.0,66.66666666666666,0.0,0.0,0.0,0.0,0.819,fuzzy_match
7162,Giovane,Verona,A,1,1,0,12,,,,,,,,,,,1.0,1.0,30.0,440.0,6.59,2.5817,0.30266827,3.0,13.0,6.0,0.0,71.81818181818181,2.0,1.0,1.0,0.0,0.6094999999999999,fuzzy_match
